[
    {
        "IndexName": "appid",
        "MgoKeySchema": {
            "MgoIndexKeys": [
                {
                    "Name": "appid",
                    "Direction": "1"
                }
            ],
            "MgoIsUnique": true
        }
    },
    {
        "IndexName": "name",
        "MgoKeySchema": {
            "MgoIndexKeys": [
                {
                    "Name": "name",
                    "Direction": "1"
                }
            ],
            "MgoIsUnique": false
        }
    }
]