[{
	"platform": "android",
	"scene_code": "1001",
	"scene_name": "Android - 默认",
	"create_time": 1726803752000
}, {
	"platform": "android",
	"scene_code": "360",
	"scene_name": "360应用市场",
	"create_time": 1726803752000
}, {
	"platform": "android",
	"scene_code": "google",
	"scene_name": "GooglePlay",
	"create_time": 1726803752000
}, {
	"platform": "android",
	"scene_code": "huawei",
	"scene_name": "华为应用商店",
	"create_time": 1726803752000
}, {
	"platform": "android",
	"scene_code": "oppo",
	"scene_name": "oppo应用商店",
	"create_time": 1726803752000
}, {
	"platform": "android",
	"scene_code": "vivo",
	"scene_name": "vivo应用商店",
	"create_time": 1726803752000
}, {
	"platform": "android",
	"scene_code": "xiaomi",
	"scene_name": "小米应用商店",
	"create_time": 1726803752000
}, {
	"platform": "android",
	"scene_code": "yyb",
	"scene_name": "应用宝",
	"create_time": 1726803752000
}, {
	"platform": "ios",
	"scene_code": "1001",
	"scene_name": "iOS - 默认",
	"create_time": 1726803752000
}, {
	"platform": "web",
	"scene_code": "1001",
	"scene_name": "Web - 默认",
	"create_time": 1726803752000
}, {
	"platform": "mp-weixin",
	"scene_code": "1000",
	"scene_name": "其他",
	"create_time": 1726803752000
}, {
	"platform": "mp-weixin",
	"scene_code": "1001",
	"scene_name": "发现页小程序「最近使用」列表（基础库2.2.4-2.29.0版本包含「我的小程序」列表，2.29.1版本起仅为「最近使用」列表）",
	"create_time": 1726803752000
}, {
	"platform": "mp-weixin",
	"scene_code": "1005",
	"scene_name": "微信首页顶部搜索框的搜索结果页",
	"create_time": 1726803752000
}, {
	"platform": "mp-weixin",
	"scene_code": "1006",
	"scene_name": "发现栏小程序主入口搜索框的搜索结果页",
	"create_time": 1726803752000
}, {
	"platform": "mp-weixin",
	"scene_code": "1007",
	"scene_name": "单人聊天会话中的小程序消息卡片",
	"create_time": 1726803752000
}, {
	"platform": "mp-weixin",
	"scene_code": "1008",
	"scene_name": "群聊会话中的小程序消息卡片",
	"create_time": 1726803752000
}, {
	"platform": "mp-weixin",
	"scene_code": "1010",
	"scene_name": "收藏夹",
	"create_time": 1726803752000
}, {
	"platform": "mp-weixin",
	"scene_code": "1011",
	"scene_name": "扫描二维码",
	"create_time": 1726803752000
}, {
	"platform": "mp-weixin",
	"scene_code": "1012",
	"scene_name": "长按图片识别二维码",
	"create_time": 1726803752000
}, {
	"platform": "mp-weixin",
	"scene_code": "1013",
	"scene_name": "扫描手机相册中选取的二维码",
	"create_time": 1726803752000
}, {
	"platform": "mp-weixin",
	"scene_code": "1014",
	"scene_name": "小程序订阅消息（与1107相同）",
	"create_time": 1726803752000
}, {
	"platform": "mp-weixin",
	"scene_code": "1017",
	"scene_name": "前往小程序体验版的入口页",
	"create_time": 1726803752000
}, {
	"platform": "mp-weixin",
	"scene_code": "1019",
	"scene_name": "微信钱包（微信客户端7.0.0版本改为支付入口）",
	"create_time": 1726803752000
}, {
	"platform": "mp-weixin",
	"scene_code": "1020",
	"scene_name": "公众号 profile 页相关小程序列表（已废弃）",
	"create_time": 1726803752000
}, {
	"platform": "mp-weixin",
	"scene_code": "1022",
	"scene_name": "聊天顶部置顶小程序入口（微信客户端6.6.1版本起废弃）",
	"create_time": 1726803752000
}, {
	"platform": "mp-weixin",
	"scene_code": "1023",
	"scene_name": "安卓系统桌面图标",
	"create_time": 1726803752000
}, {
	"platform": "mp-weixin",
	"scene_code": "1024",
	"scene_name": "小程序 profile 页",
	"create_time": 1726803752000
}, {
	"platform": "mp-weixin",
	"scene_code": "1025",
	"scene_name": "扫描一维码",
	"create_time": 1726803752000
}, {
	"platform": "mp-weixin",
	"scene_code": "1026",
	"scene_name": "发现栏小程序主入口，「附近的小程序」列表",
	"create_time": 1726803752000
}, {
	"platform": "mp-weixin",
	"scene_code": "1027",
	"scene_name": "微信首页顶部搜索框搜索结果页「使用过的小程序」列表",
	"create_time": 1726803752000
}, {
	"platform": "mp-weixin",
	"scene_code": "1028",
	"scene_name": "我的卡包",
	"create_time": 1726803752000
}, {
	"platform": "mp-weixin",
	"scene_code": "1029",
	"scene_name": "小程序中的卡券详情页",
	"create_time": 1726803752000
}, {
	"platform": "mp-weixin",
	"scene_code": "1030",
	"scene_name": "自动化测试下打开小程序",
	"create_time": 1726803752000
}, {
	"platform": "mp-weixin",
	"scene_code": "1031",
	"scene_name": "长按图片识别一维码",
	"create_time": 1726803752000
}, {
	"platform": "mp-weixin",
	"scene_code": "1032",
	"scene_name": "扫描手机相册中选取的一维码",
	"create_time": 1726803752000
}, {
	"platform": "mp-weixin",
	"scene_code": "1034",
	"scene_name": "微信支付完成页",
	"create_time": 1726803752000
}, {
	"platform": "mp-weixin",
	"scene_code": "1035",
	"scene_name": "公众号自定义菜单",
	"create_time": 1726803752000
}, {
	"platform": "mp-weixin",
	"scene_code": "1036",
	"scene_name": "App 分享消息卡片",
	"create_time": 1726803752000
}, {
	"platform": "mp-weixin",
	"scene_code": "1037",
	"scene_name": "小程序打开小程序",
	"create_time": 1726803752000
}, {
	"platform": "mp-weixin",
	"scene_code": "1038",
	"scene_name": "从另一个小程序返回",
	"create_time": 1726803752000
}, {
	"platform": "mp-weixin",
	"scene_code": "1039",
	"scene_name": "摇电视",
	"create_time": 1726803752000
}, {
	"platform": "mp-weixin",
	"scene_code": "1042",
	"scene_name": "添加好友搜索框的搜索结果页",
	"create_time": 1726803752000
}, {
	"platform": "mp-weixin",
	"scene_code": "1043",
	"scene_name": "公众号模板消息",
	"create_time": 1726803752000
}, {
	"platform": "mp-weixin",
	"scene_code": "1044",
	"scene_name": "带 shareTicket 的小程序消息卡片 详情",
	"create_time": 1726803752000
}, {
	"platform": "mp-weixin",
	"scene_code": "1045",
	"scene_name": "朋友圈广告",
	"create_time": 1726803752000
}, {
	"platform": "mp-weixin",
	"scene_code": "1046",
	"scene_name": "朋友圈广告详情页",
	"create_time": 1726803752000
}, {
	"platform": "mp-weixin",
	"scene_code": "1047",
	"scene_name": "扫描小程序码",
	"create_time": 1726803752000
}, {
	"platform": "mp-weixin",
	"scene_code": "1048",
	"scene_name": "长按图片识别小程序码",
	"create_time": 1726803752000
}, {
	"platform": "mp-weixin",
	"scene_code": "1049",
	"scene_name": "扫描手机相册中选取的小程序码",
	"create_time": 1726803752000
}, {
	"platform": "mp-weixin",
	"scene_code": "1052",
	"scene_name": "卡券的适用门店列表",
	"create_time": 1726803752000
}, {
	"platform": "mp-weixin",
	"scene_code": "1053",
	"scene_name": "搜一搜的结果页",
	"create_time": 1726803752000
}, {
	"platform": "mp-weixin",
	"scene_code": "1054",
	"scene_name": "顶部搜索框小程序快捷入口（微信客户端版本6.7.4起废弃）",
	"create_time": 1726803752000
}, {
	"platform": "mp-weixin",
	"scene_code": "1056",
	"scene_name": "聊天顶部音乐播放器右上角菜单",
	"create_time": 1726803752000
}, {
	"platform": "mp-weixin",
	"scene_code": "1057",
	"scene_name": "钱包中的银行卡详情页",
	"create_time": 1726803752000
}, {
	"platform": "mp-weixin",
	"scene_code": "1058",
	"scene_name": "公众号文章",
	"create_time": 1726803752000
}, {
	"platform": "mp-weixin",
	"scene_code": "1059",
	"scene_name": "体验版小程序绑定邀请页",
	"create_time": 1726803752000
}, {
	"platform": "mp-weixin",
	"scene_code": "1060",
	"scene_name": "微信支付完成页（与1034相同）",
	"create_time": 1726803752000
}, {
	"platform": "mp-weixin",
	"scene_code": "1064",
	"scene_name": "微信首页连Wi-Fi状态栏",
	"create_time": 1726803752000
}, {
	"platform": "mp-weixin",
	"scene_code": "1065",
	"scene_name": "URL scheme 详情",
	"create_time": 1726803752000
}, {
	"platform": "mp-weixin",
	"scene_code": "1067",
	"scene_name": "公众号文章广告",
	"create_time": 1726803752000
}, {
	"platform": "mp-weixin",
	"scene_code": "1068",
	"scene_name": "附近小程序列表广告（已废弃）",
	"create_time": 1726803752000
}, {
	"platform": "mp-weixin",
	"scene_code": "1069",
	"scene_name": "移动应用通过openSDK进入微信，打开小程序",
	"create_time": 1726803752000
}, {
	"platform": "mp-weixin",
	"scene_code": "1071",
	"scene_name": "钱包中的银行卡列表页",
	"create_time": 1726803752000
}, {
	"platform": "mp-weixin",
	"scene_code": "1072",
	"scene_name": "二维码收款页面",
	"create_time": 1726803752000
}, {
	"platform": "mp-weixin",
	"scene_code": "1073",
	"scene_name": "客服消息列表下发的小程序消息卡片",
	"create_time": 1726803752000
}, {
	"platform": "mp-weixin",
	"scene_code": "1074",
	"scene_name": "公众号会话下发的小程序消息卡片",
	"create_time": 1726803752000
}, {
	"platform": "mp-weixin",
	"scene_code": "1077",
	"scene_name": "摇周边",
	"create_time": 1726803752000
}, {
	"platform": "mp-weixin",
	"scene_code": "1078",
	"scene_name": "微信连Wi-Fi成功提示页",
	"create_time": 1726803752000
}, {
	"platform": "mp-weixin",
	"scene_code": "1079",
	"scene_name": "微信游戏中心",
	"create_time": 1726803752000
}, {
	"platform": "mp-weixin",
	"scene_code": "1081",
	"scene_name": "客服消息下发的文字链",
	"create_time": 1726803752000
}, {
	"platform": "mp-weixin",
	"scene_code": "1082",
	"scene_name": "公众号会话下发的文字链",
	"create_time": 1726803752000
}, {
	"platform": "mp-weixin",
	"scene_code": "1084",
	"scene_name": "朋友圈广告原生页",
	"create_time": 1726803752000
}, {
	"platform": "mp-weixin",
	"scene_code": "1088",
	"scene_name": "会话中查看系统消息，打开小程序",
	"create_time": 1726803752000
}, {
	"platform": "mp-weixin",
	"scene_code": "1089",
	"scene_name": "微信聊天主界面下拉，「最近使用」栏（基础库2.2.4-2.29.0版本包含「我的小程序」栏，2.29.1版本起仅为「最近使用」栏",
	"create_time": 1726803752000
}, {
	"platform": "mp-weixin",
	"scene_code": "1090",
	"scene_name": "长按小程序右上角菜单唤出最近使用历史",
	"create_time": 1726803752000
}, {
	"platform": "mp-weixin",
	"scene_code": "1091",
	"scene_name": "公众号文章商品卡片",
	"create_time": 1726803752000
}, {
	"platform": "mp-weixin",
	"scene_code": "1092",
	"scene_name": "城市服务入口",
	"create_time": 1726803752000
}, {
	"platform": "mp-weixin",
	"scene_code": "1095",
	"scene_name": "小程序广告组件",
	"create_time": 1726803752000
}, {
	"platform": "mp-weixin",
	"scene_code": "1096",
	"scene_name": "聊天记录，打开小程序",
	"create_time": 1726803752000
}, {
	"platform": "mp-weixin",
	"scene_code": "1097",
	"scene_name": "微信支付签约原生页，打开小程序",
	"create_time": 1726803752000
}, {
	"platform": "mp-weixin",
	"scene_code": "1099",
	"scene_name": "页面内嵌插件",
	"create_time": 1726803752000
}, {
	"platform": "mp-weixin",
	"scene_code": "1100",
	"scene_name": "红包封面详情页打开小程序",
	"create_time": 1726803752000
}, {
	"platform": "mp-weixin",
	"scene_code": "1101",
	"scene_name": "远程调试热更新（开发者工具中，预览 -&gt; 自动预览 -&gt; 编译并预览）",
	"create_time": 1726803752000
}, {
	"platform": "mp-weixin",
	"scene_code": "1102",
	"scene_name": "公众号 profile 页服务预览",
	"create_time": 1726803752000
}, {
	"platform": "mp-weixin",
	"scene_code": "1103",
	"scene_name": "发现页小程序「我的小程序」列表（基础库2.2.4-2.29.0版本废弃，2.29.1版本起生效）",
	"create_time": 1726803752000
}, {
	"platform": "mp-weixin",
	"scene_code": "1104",
	"scene_name": "微信聊天主界面下拉，「我的小程序」栏（基础库2.2.4-2.29.0版本废弃，2.29.1版本起生效）",
	"create_time": 1726803752000
}, {
	"platform": "mp-weixin",
	"scene_code": "1106",
	"scene_name": "聊天主界面下拉，从顶部搜索结果页，打开小程序",
	"create_time": 1726803752000
}, {
	"platform": "mp-weixin",
	"scene_code": "1107",
	"scene_name": "订阅消息，打开小程序",
	"create_time": 1726803752000
}, {
	"platform": "mp-weixin",
	"scene_code": "1113",
	"scene_name": "安卓手机负一屏，打开小程序（三星）",
	"create_time": 1726803752000
}, {
	"platform": "mp-weixin",
	"scene_code": "1114",
	"scene_name": "安卓手机侧边栏，打开小程序（三星）",
	"create_time": 1726803752000
}, {
	"platform": "mp-weixin",
	"scene_code": "1119",
	"scene_name": "【企业微信】工作台内打开小程序",
	"create_time": 1726803752000
}, {
	"platform": "mp-weixin",
	"scene_code": "1120",
	"scene_name": "【企业微信】个人资料页内打开小程序",
	"create_time": 1726803752000
}, {
	"platform": "mp-weixin",
	"scene_code": "1121",
	"scene_name": "【企业微信】聊天加号附件框内打开小程序",
	"create_time": 1726803752000
}, {
	"platform": "mp-weixin",
	"scene_code": "1124",
	"scene_name": "扫“一物一码”打开小程序",
	"create_time": 1726803752000
}, {
	"platform": "mp-weixin",
	"scene_code": "1125",
	"scene_name": "长按图片识别“一物一码”",
	"create_time": 1726803752000
}, {
	"platform": "mp-weixin",
	"scene_code": "1126",
	"scene_name": "扫描手机相册中选取的“一物一码”",
	"create_time": 1726803752000
}, {
	"platform": "mp-weixin",
	"scene_code": "1129",
	"scene_name": "微信爬虫访问 详情",
	"create_time": 1726803752000
}, {
	"platform": "mp-weixin",
	"scene_code": "1131",
	"scene_name": "浮窗（8.0版本起仅包含被动浮窗）",
	"create_time": 1726803752000
}, {
	"platform": "mp-weixin",
	"scene_code": "1133",
	"scene_name": "硬件设备打开小程序 详情",
	"create_time": 1726803752000
}, {
	"platform": "mp-weixin",
	"scene_code": "1135",
	"scene_name": "小程序profile页相关小程序列表，打开小程序",
	"create_time": 1726803752000
}, {
	"platform": "mp-weixin",
	"scene_code": "1144",
	"scene_name": "公众号文章 - 视频贴片",
	"create_time": 1726803752000
}, {
	"platform": "mp-weixin",
	"scene_code": "1145",
	"scene_name": "发现栏 - 发现小程序",
	"create_time": 1726803752000
}, {
	"platform": "mp-weixin",
	"scene_code": "1146",
	"scene_name": "地理位置信息打开出行类小程序",
	"create_time": 1726803752000
}, {
	"platform": "mp-weixin",
	"scene_code": "1148",
	"scene_name": "卡包-交通卡，打开小程序",
	"create_time": 1726803752000
}, {
	"platform": "mp-weixin",
	"scene_code": "1150",
	"scene_name": "扫一扫商品条码结果页打开小程序",
	"create_time": 1726803752000
}, {
	"platform": "mp-weixin",
	"scene_code": "1151",
	"scene_name": "发现栏 - 我的订单",
	"create_time": 1726803752000
}, {
	"platform": "mp-weixin",
	"scene_code": "1152",
	"scene_name": "订阅号视频打开小程序",
	"create_time": 1726803752000
}, {
	"platform": "mp-weixin",
	"scene_code": "1153",
	"scene_name": "“识物”结果页打开小程序",
	"create_time": 1726803752000
}, {
	"platform": "mp-weixin",
	"scene_code": "1154",
	"scene_name": "朋友圈内打开“单页模式”",
	"create_time": 1726803752000
}, {
	"platform": "mp-weixin",
	"scene_code": "1155",
	"scene_name": "“单页模式”打开小程序",
	"create_time": 1726803752000
}, {
	"platform": "mp-weixin",
	"scene_code": "1157",
	"scene_name": "服务号会话页打开小程序",
	"create_time": 1726803752000
}, {
	"platform": "mp-weixin",
	"scene_code": "1158",
	"scene_name": "群工具打开小程序",
	"create_time": 1726803752000
}, {
	"platform": "mp-weixin",
	"scene_code": "1160",
	"scene_name": "群待办",
	"create_time": 1726803752000
}, {
	"platform": "mp-weixin",
	"scene_code": "1167",
	"scene_name": "H5 通过开放标签打开小程序 详情",
	"create_time": 1726803752000
}, {
	"platform": "mp-weixin",
	"scene_code": "1168",
	"scene_name": "移动",
	"create_time": 1726803752000
}, {
	"platform": "mp-weixin",
	"scene_code": "1169",
	"scene_name": "发现栏小程序主入口，各个生活服务入口（例如快递服务、出行服务等）",
	"create_time": 1726803752000
}, {
	"platform": "mp-weixin",
	"scene_code": "1171",
	"scene_name": "微信运动记录（仅安卓）",
	"create_time": 1726803752000
}, {
	"platform": "mp-weixin",
	"scene_code": "1173",
	"scene_name": "聊天素材用小程序打开 详情",
	"create_time": 1726803752000
}, {
	"platform": "mp-weixin",
	"scene_code": "1175",
	"scene_name": "视频号主页商店入口",
	"create_time": 1726803752000
}, {
	"platform": "mp-weixin",
	"scene_code": "1176",
	"scene_name": "视频号直播间主播打开小程序",
	"create_time": 1726803752000
}, {
	"platform": "mp-weixin",
	"scene_code": "1177",
	"scene_name": "视频号直播商品",
	"create_time": 1726803752000
}, {
	"platform": "mp-weixin",
	"scene_code": "1178",
	"scene_name": "在电脑打开手机上打开的小程序",
	"create_time": 1726803752000
}, {
	"platform": "mp-weixin",
	"scene_code": "1179",
	"scene_name": "话题页打开小程序",
	"create_time": 1726803752000
}, {
	"platform": "mp-weixin",
	"scene_code": "1181",
	"scene_name": "网站应用打开PC小程序",
	"create_time": 1726803752000
}, {
	"platform": "mp-weixin",
	"scene_code": "1183",
	"scene_name": "PC微信 - 小程序面板 - 发现小程序 - 搜索",
	"create_time": 1726803752000
}, {
	"platform": "mp-weixin",
	"scene_code": "1184",
	"scene_name": "视频号链接打开小程序",
	"create_time": 1726803752000
}, {
	"platform": "mp-weixin",
	"scene_code": "1185",
	"scene_name": "群公告",
	"create_time": 1726803752000
}, {
	"platform": "mp-weixin",
	"scene_code": "1186",
	"scene_name": "收藏 - 笔记",
	"create_time": 1726803752000
}, {
	"platform": "mp-weixin",
	"scene_code": "1187",
	"scene_name": "浮窗（8.0版本起）",
	"create_time": 1726803752000
}, {
	"platform": "mp-weixin",
	"scene_code": "1189",
	"scene_name": "表情雨广告",
	"create_time": 1726803752000
}, {
	"platform": "mp-weixin",
	"scene_code": "1191",
	"scene_name": "视频号活动",
	"create_time": 1726803752000
}, {
	"platform": "mp-weixin",
	"scene_code": "1192",
	"scene_name": "企业微信联系人profile页",
	"create_time": 1726803752000
}, {
	"platform": "mp-weixin",
	"scene_code": "1193",
	"scene_name": "视频号主页服务菜单打开小程序",
	"create_time": 1726803752000
}, {
	"platform": "mp-weixin",
	"scene_code": "1194",
	"scene_name": "URL Link 详情",
	"create_time": 1726803752000
}, {
	"platform": "mp-weixin",
	"scene_code": "1195",
	"scene_name": "视频号主页商品tab",
	"create_time": 1726803752000
}, {
	"platform": "mp-weixin",
	"scene_code": "1196",
	"scene_name": "个人状态打开小程序",
	"create_time": 1726803752000
}, {
	"platform": "mp-weixin",
	"scene_code": "1197",
	"scene_name": "视频号主播从直播间返回小游戏",
	"create_time": 1726803752000
}, {
	"platform": "mp-weixin",
	"scene_code": "1198",
	"scene_name": "视频号开播界面打开小游戏",
	"create_time": 1726803752000
}, {
	"platform": "mp-weixin",
	"scene_code": "1200",
	"scene_name": "视频号广告打开小程序",
	"create_time": 1726803752000
}, {
	"platform": "mp-weixin",
	"scene_code": "1201",
	"scene_name": "视频号广告详情页打开小程序",
	"create_time": 1726803752000
}, {
	"platform": "mp-weixin",
	"scene_code": "1202",
	"scene_name": "企微客服号会话打开小程序卡片",
	"create_time": 1726803752000
}, {
	"platform": "mp-weixin",
	"scene_code": "1203",
	"scene_name": "微信小程序压测工具的请求",
	"create_time": 1726803752000
}, {
	"platform": "mp-weixin",
	"scene_code": "1206",
	"scene_name": "视频号小游戏直播间打开小游戏",
	"create_time": 1726803752000
}, {
	"platform": "mp-weixin",
	"scene_code": "1207",
	"scene_name": "企微客服号会话打开小程序文字链",
	"create_time": 1726803752000
}, {
	"platform": "mp-weixin",
	"scene_code": "1208",
	"scene_name": "聊天打开商品卡片",
	"create_time": 1726803752000
}, {
	"platform": "mp-weixin",
	"scene_code": "1212",
	"scene_name": "青少年模式申请页打开小程序",
	"create_time": 1726803752000
}, {
	"platform": "mp-weixin",
	"scene_code": "1215",
	"scene_name": "广告预约打开小程序",
	"create_time": 1726803752000
}, {
	"platform": "mp-weixin",
	"scene_code": "1216",
	"scene_name": "视频号订单中心打开小程序",
	"create_time": 1726803752000
}, {
	"platform": "mp-weixin",
	"scene_code": "1218",
	"scene_name": "微信键盘预览打开小程序",
	"create_time": 1726803752000
}, {
	"platform": "mp-weixin",
	"scene_code": "1219",
	"scene_name": "视频号直播间小游戏一键上车",
	"create_time": 1726803752000
}, {
	"platform": "mp-weixin",
	"scene_code": "1220",
	"scene_name": "发现页设备卡片打开小程序",
	"create_time": 1726803752000
}, {
	"platform": "mp-weixin",
	"scene_code": "1223",
	"scene_name": "安卓桌面Widget打开小程序",
	"create_time": 1726803752000
}, {
	"platform": "mp-weixin",
	"scene_code": "1225",
	"scene_name": "音视频通话打开小程序",
	"create_time": 1726803752000
}, {
	"platform": "mp-weixin",
	"scene_code": "1226",
	"scene_name": "聊天消息在设备打开后打开小程序",
	"create_time": 1726803752000
}, {
	"platform": "mp-weixin",
	"scene_code": "1228",
	"scene_name": "视频号原生广告组件打开小程序",
	"create_time": 1726803752000
}, {
	"platform": "mp-weixin",
	"scene_code": "1230",
	"scene_name": "订阅号H5广告进入小程序",
	"create_time": 1726803752000
}, {
	"platform": "mp-weixin",
	"scene_code": "1231",
	"scene_name": "动态消息提醒入口打开小程序",
	"create_time": 1726803752000
}, {
	"platform": "mp-weixin",
	"scene_code": "1232",
	"scene_name": "搜一搜竞价广告打开小程序",
	"create_time": 1726803752000
}, {
	"platform": "mp-weixin",
	"scene_code": "1233",
	"scene_name": "小程序搜索页人气游戏模块打开小游戏",
	"create_time": 1726803752000
}, {
	"platform": "mp-weixin",
	"scene_code": "1238",
	"scene_name": "看一看信息流广告打开小程序",
	"create_time": 1726803752000
}, {
	"platform": "mp-weixin",
	"scene_code": "1242",
	"scene_name": "小程序发现页门店快送模块频道页进入小程序",
	"create_time": 1726803752000
}, {
	"platform": "mp-weixin",
	"scene_code": "1244",
	"scene_name": "tag搜索结果页打开小程序",
	"create_time": 1726803752000
}, {
	"platform": "mp-weixin",
	"scene_code": "1245",
	"scene_name": "小程序发现页门店快送搜索结果页进入小程序",
	"create_time": 1726803752000
}, {
	"platform": "mp-weixin",
	"scene_code": "1248",
	"scene_name": "通过小程序账号迁移进入小程序",
	"create_time": 1726803752000
}, {
	"platform": "mp-weixin",
	"scene_code": "1252",
	"scene_name": "搜一搜小程序搜索页「小功能」模块进入小程序",
	"create_time": 1726803752000
}, {
	"platform": "mp-weixin",
	"scene_code": "1254",
	"scene_name": "发现页「动态」卡片 打开小程序",
	"create_time": 1726803752000
}, {
	"platform": "mp-weixin",
	"scene_code": "1255",
	"scene_name": "发现页「我的」卡片 打开小程序",
	"create_time": 1726803752000
}, {
	"platform": "mp-weixin",
	"scene_code": "1256",
	"scene_name": "pc端小程序面板「最近使用」列表",
	"create_time": 1726803752000
}, {
	"platform": "mp-weixin",
	"scene_code": "1257",
	"scene_name": "pc端小程序面板「我的小程序」列表",
	"create_time": 1726803752000
}, {
	"platform": "mp-weixin",
	"scene_code": "1258",
	"scene_name": "pc端小程序面板「为电脑端优化」模块",
	"create_time": 1726803752000
}, {
	"platform": "mp-weixin",
	"scene_code": "1259",
	"scene_name": "pc端小程序面板「小游戏专区」模块",
	"create_time": 1726803752000
}, {
	"platform": "mp-weixin",
	"scene_code": "1260",
	"scene_name": "pc端小程序面板「推荐在电脑端使用」列表",
	"create_time": 1726803752000
}, {
	"platform": "mp-weixin",
	"scene_code": "1261",
	"scene_name": "公众号返佣商品卡片",
	"create_time": 1726803752000
}, {
	"platform": "mp-weixin",
	"scene_code": "1265",
	"scene_name": "小程序图片详情页打开小程序",
	"create_time": 1726803752000
}, {
	"platform": "mp-weixin",
	"scene_code": "1266",
	"scene_name": "小程序图片长按半屏入口打开小程序",
	"create_time": 1726803752000
}, {
	"platform": "mp-weixin",
	"scene_code": "1267",
	"scene_name": "小程序图片会话角标打开小程序",
	"create_time": 1726803752000
}, {
	"platform": "mp-weixin",
	"scene_code": "1271",
	"scene_name": "微信聊天主界面下拉，「我的常用小程序」栏  1272 发现页「游戏」服务tab打开小程序",
	"create_time": 1726803752000
}, {
	"platform": "mp-weixin",
	"scene_code": "1273",
	"scene_name": "发现页「常用的小程序」列表",
	"create_time": 1726803752000
}, {
	"platform": "mp-weixin",
	"scene_code": "1278",
	"scene_name": "发现页「发现小程序」列表打开小程序",
	"create_time": 1726803752000
}, {
	"platform": "mp-weixin",
	"scene_code": "1279",
	"scene_name": "发现页「发现小程序」合集页打开小程序",
	"create_time": 1726803752000
}, {
	"platform": "mp-weixin",
	"scene_code": "1280",
	"scene_name": "下拉任务栏小程序垂搜「建议使用」打开小程序",
	"create_time": 1726803752000
}, {
	"platform": "mp-weixin",
	"scene_code": "1281",
	"scene_name": "下拉任务栏小程序垂搜「发现小程序」打开小程序",
	"create_time": 1726803752000
}, {
	"platform": "mp-weixin",
	"scene_code": "1282",
	"scene_name": "听一听播放器打开小程序",
	"create_time": 1726803752000
}, {
	"platform": "mp-weixin",
	"scene_code": "1285",
	"scene_name": "发现页「发现小程序」短剧合集打开小程序",
	"create_time": 1726803752000
}, {
	"platform": "mp-weixin",
	"scene_code": "1286",
	"scene_name": "明文scheme打开小程序",
	"create_time": 1726803752000
}, {
	"platform": "mp-weixin",
	"scene_code": "1287",
	"scene_name": "公众号短剧贴片打开小程序",
	"create_time": 1726803752000
}, {
	"platform": "mp-weixin",
	"scene_code": "1292",
	"scene_name": "发现页「发现小程序」poi 详情页打开小程序",
	"create_time": 1726803752000
}, {
	"platform": "mp-weixin",
	"scene_code": "1293",
	"scene_name": "发现页短剧卡片追剧页打开小程序",
	"create_time": 1726803752000
}, {
	"platform": "mp-weixin",
	"scene_code": "1295",
	"scene_name": "下拉任务栏小程序垂搜「发现小程序」广告打开小程序",
	"create_time": 1726803752000
}, {
	"platform": "mp-weixin",
	"scene_code": "1296",
	"scene_name": "视频号付费短剧气泡打开小程序",
	"create_time": 1726803752000
}, {
	"platform": "mp-weixin",
	"scene_code": "1297",
	"scene_name": "发现-小程序-搜索「发现小程序」打开小程序",
	"create_time": 1726803752000
}, {
	"platform": "mp-weixin",
	"scene_code": "1298",
	"scene_name": "下拉任务栏小程序垂搜「发现小程序」打开的合集访问小程序",
	"create_time": 1726803752000
}, {
	"platform": "mp-weixin",
	"scene_code": "1299",
	"scene_name": "下拉任务栏小程序垂搜「发现小程序」poi 详情页打开小程序",
	"create_time": 1726803752000
}, {
	"platform": "mp-weixin",
	"scene_code": "1300",
	"scene_name": "发现-小程序-搜索「发现小程序」打开的合集访问小程序",
	"create_time": 1726803752000
}, {
	"platform": "mp-weixin",
	"scene_code": "1301",
	"scene_name": "发现-小程序-搜索「发现小程序」poi 详情页打开小程序",
	"create_time": 1726803752000
}, {
	"platform": "mp-weixin",
	"scene_code": "1302",
	"scene_name": "PC端面板「发现小程序」",
	"create_time": 1726803752000
}, {
	"platform": "mp-weixin",
	"scene_code": "1303",
	"scene_name": "发现页短剧卡片视频流打开小程序",
	"create_time": 1726803752000
}, {
	"platform": "mp-weixin",
	"scene_code": "1304",
	"scene_name": "手机负一屏打开小程序（比如oppo手机）",
	"create_time": 1726803752000
}, {
	"platform": "mp-weixin",
	"scene_code": "1305",
	"scene_name": "公众号播放结束页打开小程序",
	"create_time": 1726803752000
}, {
	"platform": "mp-weixin",
	"scene_code": "1306",
	"scene_name": "公众号短剧固定选集入口打开小程序",
	"create_time": 1726803752000
}, {
	"platform": "mp-weixin",
	"scene_code": "1307",
	"scene_name": "发现页附近服务境外专区打开小程序",
	"create_time": 1726803752000
}, {
	"platform": "mp-weixin",
	"scene_code": "1308",
	"scene_name": "PC端面板小游戏专区页面",
	"create_time": 1726803752000
}, {
	"platform": "mp-weixin",
	"scene_code": "1309",
	"scene_name": "公众号文章打开小游戏CPS卡片",
	"create_time": 1726803752000
}, {
	"platform": "mp-alipay",
	"scene_code": "1000",
	"scene_name": "首页十二宫格及更多",
	"create_time": 1726803752000
}, {
	"platform": "mp-alipay",
	"scene_code": "1002",
	"scene_name": "我的小程序入口",
	"create_time": 1726803752000
}, {
	"platform": "mp-alipay",
	"scene_code": "1005",
	"scene_name": "顶部搜索框的搜索结果页",
	"create_time": 1726803752000
}, {
	"platform": "mp-alipay",
	"scene_code": "1007",
	"scene_name": "单人聊天会话中的小程序消息卡片（分享）",
	"create_time": 1726803752000
}, {
	"platform": "mp-alipay",
	"scene_code": "1011",
	"scene_name": "扫描二维码",
	"create_time": 1726803752000
}, {
	"platform": "mp-alipay",
	"scene_code": "1014",
	"scene_name": "小程序模版消息（服务提醒）",
	"create_time": 1726803752000
}, {
	"platform": "mp-alipay",
	"scene_code": "1020",
	"scene_name": "生活号 profile 页相关小程序列表",
	"create_time": 1726803752000
}, {
	"platform": "mp-alipay",
	"scene_code": "1023",
	"scene_name": "系统桌面图标",
	"create_time": 1726803752000
}, {
	"platform": "mp-alipay",
	"scene_code": "1037",
	"scene_name": "小程序打开小程序",
	"create_time": 1726803752000
}, {
	"platform": "mp-alipay",
	"scene_code": "1038",
	"scene_name": "从另一个小程序返回",
	"create_time": 1726803752000
}, {
	"platform": "mp-alipay",
	"scene_code": "1200",
	"scene_name": "市民中心（原城市服务频道）",
	"create_time": 1726803752000
}, {
	"platform": "mp-alipay",
	"scene_code": "1201",
	"scene_name": "芝麻信用频道",
	"create_time": 1726803752000
}, {
	"platform": "mp-alipay",
	"scene_code": "1202",
	"scene_name": "出行(原车主服务频道)",
	"create_time": 1726803752000
}, {
	"platform": "mp-alipay",
	"scene_code": "1209",
	"scene_name": "支付宝会员频道",
	"create_time": 1726803752000
}, {
	"platform": "mp-alipay",
	"scene_code": "1400",
	"scene_name": "付费流量(通过商家数字推广平台，灯火等投放的广告)",
	"create_time": 1726803752000
}, {
	"platform": "mp-alipay",
	"scene_code": "1401",
	"scene_name": "卡包",
	"create_time": 1726803752000
}, {
	"platform": "mp-alipay",
	"scene_code": "1402",
	"scene_name": "支付宝-我的",
	"create_time": 1726803752000
}, {
	"platform": "mp-alipay",
	"scene_code": "1403",
	"scene_name": "支付成功页",
	"create_time": 1726803752000
}, {
	"platform": "mp-alipay",
	"scene_code": "1300",
	"scene_name": "第三方 APP（如钉钉）打开，在跳转链接中传入访问来源参数：chInfo=ch_orderCenter，跳转链接拼接方法，参见小程序跳转 FAQ。",
	"create_time": 1726803752000
}, {
	"platform": "mp-alipay",
	"scene_code": "0",
	"scene_name": "其他渠道场景渠道。",
	"create_time": 1726803752000
}, {
	"platform": "mp-baidu",
	"scene_code": "10810008",
	"scene_name": "自然结果",
	"create_time": 1726803752000
}, {
	"platform": "mp-baidu",
	"scene_code": "10810009",
	"scene_name": "阿拉丁",
	"create_time": 1726803752000
}, {
	"platform": "mp-baidu",
	"scene_code": "10810012",
	"scene_name": "搜索词推荐直达",
	"create_time": 1726803752000
}, {
	"platform": "mp-baidu",
	"scene_code": "10810013",
	"scene_name": "语音直达",
	"create_time": 1726803752000
}, {
	"platform": "mp-baidu",
	"scene_code": "10810014",
	"scene_name": "小程序单卡",
	"create_time": 1726803752000
}, {
	"platform": "mp-baidu",
	"scene_code": "10810083",
	"scene_name": "小程序 Tab",
	"create_time": 1726803752000
}, {
	"platform": "mp-baidu",
	"scene_code": "10810022",
	"scene_name": "购物 Tab",
	"create_time": 1726803752000
}, {
	"platform": "mp-baidu",
	"scene_code": "10810023",
	"scene_name": "职位 Tab",
	"create_time": 1726803752000
}, {
	"platform": "mp-baidu",
	"scene_code": "10810024",
	"scene_name": "笔记 Tab",
	"create_time": 1726803752000
}, {
	"platform": "mp-baidu",
	"scene_code": "10910015",
	"scene_name": "信息流直接推荐",
	"create_time": 1726803752000
}, {
	"platform": "mp-baidu",
	"scene_code": "10910016",
	"scene_name": "落地页自动挂载",
	"create_time": 1726803752000
}, {
	"platform": "mp-baidu",
	"scene_code": "11110029",
	"scene_name": "号文章挂载",
	"create_time": 1726803752000
}, {
	"platform": "mp-baidu",
	"scene_code": "11110030",
	"scene_name": "号动态挂载",
	"create_time": 1726803752000
}, {
	"platform": "mp-baidu",
	"scene_code": "11110031",
	"scene_name": "号动态挂载",
	"create_time": 1726803752000
}, {
	"platform": "mp-baidu",
	"scene_code": "11110032",
	"scene_name": "号动态挂载",
	"create_time": 1726803752000
}, {
	"platform": "mp-baidu",
	"scene_code": "11410033",
	"scene_name": "号个人主页",
	"create_time": 1726803752000
}, {
	"platform": "mp-baidu",
	"scene_code": "11410034",
	"scene_name": "号个人主页",
	"create_time": 1726803752000
}, {
	"platform": "mp-baidu",
	"scene_code": "11410035",
	"scene_name": "号个人主页",
	"create_time": 1726803752000
}, {
	"platform": "mp-baidu",
	"scene_code": "12010043",
	"scene_name": "常用服务",
	"create_time": 1726803752000
}, {
	"platform": "mp-baidu",
	"scene_code": "12010044",
	"scene_name": "顶部横划模块",
	"create_time": 1726803752000
}, {
	"platform": "mp-baidu",
	"scene_code": "12010045",
	"scene_name": "历史",
	"create_time": 1726803752000
}, {
	"platform": "mp-baidu",
	"scene_code": "12010046",
	"scene_name": "活动中心",
	"create_time": 1726803752000
}, {
	"platform": "mp-baidu",
	"scene_code": "12110047",
	"scene_name": "推荐",
	"create_time": 1726803752000
}, {
	"platform": "mp-baidu",
	"scene_code": "12110048",
	"scene_name": "历史",
	"create_time": 1726803752000
}, {
	"platform": "mp-baidu",
	"scene_code": "12300000",
	"scene_name": "桌面快捷方式",
	"create_time": 1726803752000
}, {
	"platform": "mp-baidu",
	"scene_code": "12500000",
	"scene_name": "系统多任务",
	"create_time": 1726803752000
}, {
	"platform": "mp-baidu",
	"scene_code": "11310021",
	"scene_name": "服务消息",
	"create_time": 1726803752000
}, {
	"platform": "mp-baidu",
	"scene_code": "11310004",
	"scene_name": "营销消息",
	"create_time": 1726803752000
}, {
	"platform": "mp-baidu",
	"scene_code": "11600000",
	"scene_name": "分享",
	"create_time": 1726803752000
}, {
	"platform": "mp-baidu",
	"scene_code": "11700000",
	"scene_name": "小程序打开小程序",
	"create_time": 1726803752000
}, {
	"platform": "mp-baidu",
	"scene_code": "11800000",
	"scene_name": "扫码",
	"create_time": 1726803752000
}, {
	"platform": "mp-baidu",
	"scene_code": "11010018",
	"scene_name": "闪投",
	"create_time": 1726803752000
}, {
	"platform": "mp-baidu",
	"scene_code": "11010019",
	"scene_name": "品专",
	"create_time": 1726803752000
}, {
	"platform": "mp-baidu",
	"scene_code": "11010072",
	"scene_name": "品牌",
	"create_time": 1726803752000
}, {
	"platform": "mp-baidu",
	"scene_code": "11010020",
	"scene_name": "原生",
	"create_time": 1726803752000
}, {
	"platform": "mp-baidu",
	"scene_code": "11010061",
	"scene_name": "凤巢",
	"create_time": 1726803752000
}, {
	"platform": "mp-baidu",
	"scene_code": "11910037",
	"scene_name": "各吧内挂载",
	"create_time": 1726803752000
}, {
	"platform": "mp-baidu",
	"scene_code": "11910038",
	"scene_name": "贴吧内搜索结果",
	"create_time": 1726803752000
}, {
	"platform": "mp-baidu",
	"scene_code": "11910039",
	"scene_name": "贴吧吧内分享",
	"create_time": 1726803752000
}, {
	"platform": "mp-baidu",
	"scene_code": "11910086",
	"scene_name": "首页信息流",
	"create_time": 1726803752000
}, {
	"platform": "mp-baidu",
	"scene_code": "12410094",
	"scene_name": "小程序游戏中心",
	"create_time": 1726803752000
}, {
	"platform": "mp-baidu",
	"scene_code": "12410095",
	"scene_name": "NA 游戏中心",
	"create_time": 1726803752000
}, {
	"platform": "mp-baidu",
	"scene_code": "12410103",
	"scene_name": "好看内游戏中心",
	"create_time": 1726803752000
}, {
	"platform": "mp-baidu",
	"scene_code": "12410104",
	"scene_name": "全民内游戏中心",
	"create_time": 1726803752000
}, {
	"platform": "mp-baidu",
	"scene_code": "12410004",
	"scene_name": "Lite 内游戏中心",
	"create_time": 1726803752000
}, {
	"platform": "mp-baidu",
	"scene_code": "12410005",
	"scene_name": "贴吧内游戏中心",
	"create_time": 1726803752000
}, {
	"platform": "mp-baidu",
	"scene_code": "14010000",
	"scene_name": "侃侃小游戏社区首页",
	"create_time": 1726803752000
}, {
	"platform": "mp-baidu",
	"scene_code": "14010001",
	"scene_name": "游戏中心广场活动详情页",
	"create_time": 1726803752000
}, {
	"platform": "mp-baidu",
	"scene_code": "14010002",
	"scene_name": "游戏中心广场热帖",
	"create_time": 1726803752000
}, {
	"platform": "mp-baidu",
	"scene_code": "NA",
	"scene_name": "默认",
	"create_time": 1726803752000
}, {
	"platform": "mp-qq",
	"scene_code": "1001",
	"scene_name": "QQ主界面-下拉列表",
	"create_time": 1726803752000
}, {
	"platform": "mp-qq",
	"scene_code": "1005",
	"scene_name": "顶部搜索框搜索结果页「未使用过的小程序」列表",
	"create_time": 1726803752000
}, {
	"platform": "mp-qq",
	"scene_code": "1007",
	"scene_name": "单人聊天会话中的小程序消息卡片",
	"create_time": 1726803752000
}, {
	"platform": "mp-qq",
	"scene_code": "1008",
	"scene_name": "不带shareTicket的群聊会话中的小程序消息卡片",
	"create_time": 1726803752000
}, {
	"platform": "mp-qq",
	"scene_code": "1011",
	"scene_name": "扫描二维码",
	"create_time": 1726803752000
}, {
	"platform": "mp-qq",
	"scene_code": "1012",
	"scene_name": "长按图片识别二维码",
	"create_time": 1726803752000
}, {
	"platform": "mp-qq",
	"scene_code": "1014",
	"scene_name": "小程序模板消息",
	"create_time": 1726803752000
}, {
	"platform": "mp-qq",
	"scene_code": "1023",
	"scene_name": "安卓系统的桌面图标",
	"create_time": 1726803752000
}, {
	"platform": "mp-qq",
	"scene_code": "1027",
	"scene_name": "顶部搜索框搜索结果页「使用过的小程序」列表",
	"create_time": 1726803752000
}, {
	"platform": "mp-qq",
	"scene_code": "1035",
	"scene_name": "公众号自定义菜单",
	"create_time": 1726803752000
}, {
	"platform": "mp-qq",
	"scene_code": "1036",
	"scene_name": "App 分享消息卡片",
	"create_time": 1726803752000
}, {
	"platform": "mp-qq",
	"scene_code": "1037",
	"scene_name": "小程序打开小程序",
	"create_time": 1726803752000
}, {
	"platform": "mp-qq",
	"scene_code": "1038",
	"scene_name": "从另一个小程序返回",
	"create_time": 1726803752000
}, {
	"platform": "mp-qq",
	"scene_code": "1043",
	"scene_name": "公众号模板消息",
	"create_time": 1726803752000
}, {
	"platform": "mp-qq",
	"scene_code": "1044",
	"scene_name": "带sharetTicket的群聊会话中的小程序消息卡片",
	"create_time": 1726803752000
}, {
	"platform": "mp-qq",
	"scene_code": "1047",
	"scene_name": "扫描小程序码",
	"create_time": 1726803752000
}, {
	"platform": "mp-qq",
	"scene_code": "1048",
	"scene_name": "长按图片识别小程序码",
	"create_time": 1726803752000
}, {
	"platform": "mp-qq",
	"scene_code": "1069",
	"scene_name": "移动应用",
	"create_time": 1726803752000
}, {
	"platform": "mp-qq",
	"scene_code": "2001",
	"scene_name": "应用中心",
	"create_time": 1726803752000
}, {
	"platform": "mp-qq",
	"scene_code": "2003",
	"scene_name": "打开分享在QQ空间中的小程序",
	"create_time": 1726803752000
}, {
	"platform": "mp-qq",
	"scene_code": "2005",
	"scene_name": "垂直搜索",
	"create_time": 1726803752000
}, {
	"platform": "mp-qq",
	"scene_code": "2010",
	"scene_name": "群资料卡",
	"create_time": 1726803752000
}, {
	"platform": "mp-qq",
	"scene_code": "2054",
	"scene_name": "广告投放",
	"create_time": 1726803752000
}, {
	"platform": "mp-qq",
	"scene_code": "2060",
	"scene_name": "Qzone-说说列表页",
	"create_time": 1726803752000
}, {
	"platform": "mp-qq",
	"scene_code": "2062",
	"scene_name": "个人资料卡",
	"create_time": 1726803752000
}, {
	"platform": "mp-qq",
	"scene_code": "2064",
	"scene_name": "AIO-C2C亲密关系页",
	"create_time": 1726803752000
}, {
	"platform": "mp-qq",
	"scene_code": "2076",
	"scene_name": "Qzone-加号面板推荐",
	"create_time": 1726803752000
}, {
	"platform": "mp-qq",
	"scene_code": "2080",
	"scene_name": "手Qc2c场景（加号面板、灰条等）",
	"create_time": 1726803752000
}, {
	"platform": "mp-qq",
	"scene_code": "2081",
	"scene_name": "手Q群场景（加号面板、灰条等）",
	"create_time": 1726803752000
}, {
	"platform": "mp-qq",
	"scene_code": "2085",
	"scene_name": "长期订阅消息",
	"create_time": 1726803752000
}, {
	"platform": "mp-qq",
	"scene_code": "2077",
	"scene_name": "商店搜索",
	"create_time": 1726803752000
}, {
	"platform": "mp-qq",
	"scene_code": "1131",
	"scene_name": "普通彩签打开小程序",
	"create_time": 1726803752000
}, {
	"platform": "mp-qq",
	"scene_code": "2094",
	"scene_name": "小游戏官方内页弹窗",
	"create_time": 1726803752000
}, {
	"platform": "mp-qq",
	"scene_code": "2105",
	"scene_name": "一次性订阅消息",
	"create_time": 1726803752000
}, {
	"platform": "mp-qq",
	"scene_code": "3001",
	"scene_name": "下拉桌面-最近在玩",
	"create_time": 1726803752000
}, {
	"platform": "mp-qq",
	"scene_code": "3002",
	"scene_name": "下拉桌面-好友在玩",
	"create_time": 1726803752000
}, {
	"platform": "mp-qq",
	"scene_code": "3003",
	"scene_name": "下拉桌面-我的小程序",
	"create_time": 1726803752000
}, {
	"platform": "mp-qq",
	"scene_code": "3008",
	"scene_name": "下拉桌面-每日精品",
	"create_time": 1726803752000
}, {
	"platform": "mp-qq",
	"scene_code": "3009",
	"scene_name": "下拉桌面-好友pk榜",
	"create_time": 1726803752000
}, {
	"platform": "mp-qq",
	"scene_code": "3016",
	"scene_name": "下拉桌面-内容分发模块",
	"create_time": 1726803752000
}, {
	"platform": "mp-qq",
	"scene_code": "4007",
	"scene_name": "群左滑面板",
	"create_time": 1726803752000
}, {
	"platform": "mp-qq",
	"scene_code": "4008",
	"scene_name": "群aio快捷入口",
	"create_time": 1726803752000
}, {
	"platform": "mp-qq",
	"scene_code": "4011",
	"scene_name": "小游戏公众号",
	"create_time": 1726803752000
}, {
	"platform": "mp-qq",
	"scene_code": "4012",
	"scene_name": "小程序消息通过公众号下发",
	"create_time": 1726803752000
}, {
	"platform": "mp-qq",
	"scene_code": "4013",
	"scene_name": "在线状态面板",
	"create_time": 1726803752000
}, {
	"platform": "mp-qq",
	"scene_code": "2113",
	"scene_name": "小游戏关闭挽留弹窗",
	"create_time": 1726803752000
}, {
	"platform": "mp-qq",
	"scene_code": "4014",
	"scene_name": "AIO顶部title",
	"create_time": 1726803752000
}, {
	"platform": "mp-qq",
	"scene_code": "4015",
	"scene_name": "在线状态设置页",
	"create_time": 1726803752000
}, {
	"platform": "mp-qq",
	"scene_code": "2009",
	"scene_name": "QQ空间",
	"create_time": 1726803752000
}, {
	"platform": "mp-qq",
	"scene_code": "2114",
	"scene_name": "系统订阅消息",
	"create_time": 1726803752000
}, {
	"platform": "mp-qq",
	"scene_code": "2065",
	"scene_name": "扩列banner",
	"create_time": 1726803752000
}, {
	"platform": "mp-qq",
	"scene_code": "3007",
	"scene_name": "下拉桌面-大家在玩",
	"create_time": 1726803752000
}, {
	"platform": "mp-qq",
	"scene_code": "3024",
	"scene_name": "下拉桌面-搜索-大家在玩",
	"create_time": 1726803752000
}, {
	"platform": "mp-qq",
	"scene_code": "1010",
	"scene_name": "我的收藏",
	"create_time": 1726803752000
}, {
	"platform": "mp-qq",
	"scene_code": "3015",
	"scene_name": "下拉-猜你喜欢",
	"create_time": 1726803752000
}, {
	"platform": "mp-qq",
	"scene_code": "3022",
	"scene_name": "下拉桌面-好友PK（新）",
	"create_time": 1726803752000
}, {
	"platform": "mp-qq",
	"scene_code": "4016",
	"scene_name": "实时对战卡片-c2c场景",
	"create_time": 1726803752000
}, {
	"platform": "mp-qq",
	"scene_code": "2072",
	"scene_name": "实时对战ark邀约-群场景",
	"create_time": 1726803752000
}, {
	"platform": "mp-qq",
	"scene_code": "4017",
	"scene_name": "扩列aio快捷入口",
	"create_time": 1726803752000
}, {
	"platform": "mp-qq",
	"scene_code": "3013",
	"scene_name": "下拉-快速匹配",
	"create_time": 1726803752000
}, {
	"platform": "mp-qq",
	"scene_code": "3026",
	"scene_name": "下拉桌面-搜索-搜索结果",
	"create_time": 1726803752000
}, {
	"platform": "mp-qq",
	"scene_code": "2102",
	"scene_name": "QQ提醒",
	"create_time": 1726803752000
}, {
	"platform": "mp-qq",
	"scene_code": "1132",
	"scene_name": "最近浏览彩签打开小程序",
	"create_time": 1726803752000
}, {
	"platform": "mp-qq",
	"scene_code": "3030",
	"scene_name": "下拉桌面-对战大厅",
	"create_time": 1726803752000
}, {
	"platform": "mp-qq",
	"scene_code": "3010",
	"scene_name": "下拉桌面-人气排行",
	"create_time": 1726803752000
}, {
	"platform": "mp-qq",
	"scene_code": "3012",
	"scene_name": "下拉桌面-口碑最佳",
	"create_time": 1726803752000
}, {
	"platform": "mp-toutiao",
	"scene_code": "场景值（字符串）​",
	"scene_name": "入口概述​",
	"create_time": 1726803752000
}, {
	"platform": "mp-toutiao",
	"scene_code": "011004​",
	"scene_name": "小程序中心-最近使用​",
	"create_time": 1726803752000
}, {
	"platform": "mp-toutiao",
	"scene_code": "011005​",
	"scene_name": "小程序中心-收藏​",
	"create_time": 1726803752000
}, {
	"platform": "mp-toutiao",
	"scene_code": "011006​",
	"scene_name": "小程序中心-发现​",
	"create_time": 1726803752000
}, {
	"platform": "mp-toutiao",
	"scene_code": "011007​",
	"scene_name": "扫一扫​",
	"create_time": 1726803752000
}, {
	"platform": "mp-toutiao",
	"scene_code": "011008​",
	"scene_name": "业务固定入口​",
	"create_time": 1726803752000
}, {
	"platform": "mp-toutiao",
	"scene_code": "011009​",
	"scene_name": "小程序跳小程序​",
	"create_time": 1726803752000
}, {
	"platform": "mp-toutiao",
	"scene_code": "011010​",
	"scene_name": "小程序返回小程序​",
	"create_time": 1726803752000
}, {
	"platform": "mp-toutiao",
	"scene_code": "011014​",
	"scene_name": "我的-发现 12 宫格​",
	"create_time": 1726803752000
}, {
	"platform": "mp-toutiao",
	"scene_code": "011018​",
	"scene_name": "音频入口浮窗​",
	"create_time": 1726803752000
}, {
	"platform": "mp-toutiao",
	"scene_code": "011019​",
	"scene_name": "音频入口通知栏​",
	"create_time": 1726803752000
}, {
	"platform": "mp-toutiao",
	"scene_code": "011020​",
	"scene_name": "小程序桌面快捷方式​",
	"create_time": 1726803752000
}, {
	"platform": "mp-toutiao",
	"scene_code": "011021​",
	"scene_name": "我的-订单入口​",
	"create_time": 1726803752000
}, {
	"platform": "mp-toutiao",
	"scene_code": "012001​",
	"scene_name": "小程序卡片搜索结果，直接搜索名字出来的结果​",
	"create_time": 1726803752000
}, {
	"platform": "mp-toutiao",
	"scene_code": "012002​",
	"scene_name": "小程序中心搜索结果​",
	"create_time": 1726803752000
}, {
	"platform": "mp-toutiao",
	"scene_code": "012003​",
	"scene_name": "搜索阿拉丁​",
	"create_time": 1726803752000
}, {
	"platform": "mp-toutiao",
	"scene_code": "012004​",
	"scene_name": "自然搜索结果​",
	"create_time": 1726803752000
}, {
	"platform": "mp-toutiao",
	"scene_code": "012005​",
	"scene_name": "搜索出 feed 中小程序内部文章​",
	"create_time": 1726803752000
}, {
	"platform": "mp-toutiao",
	"scene_code": "013001​",
	"scene_name": "分享的微头条​",
	"create_time": 1726803752000
}, {
	"platform": "mp-toutiao",
	"scene_code": "013002​",
	"scene_name": "小视频详情页入口-右侧 icon 样式​",
	"create_time": 1726803752000
}, {
	"platform": "mp-toutiao",
	"scene_code": "013003​",
	"scene_name": "小视频详情页入口-左侧链接样式​",
	"create_time": 1726803752000
}, {
	"platform": "mp-toutiao",
	"scene_code": "013005​",
	"scene_name": "文章详情页入口​",
	"create_time": 1726803752000
}, {
	"platform": "mp-toutiao",
	"scene_code": "013007​",
	"scene_name": "话题详情页入口​",
	"create_time": 1726803752000
}, {
	"platform": "mp-toutiao",
	"scene_code": "013008​",
	"scene_name": "头条号个人主页入口​",
	"create_time": 1726803752000
}, {
	"platform": "mp-toutiao",
	"scene_code": "013010​",
	"scene_name": "发布的微头条​",
	"create_time": 1726803752000
}, {
	"platform": "mp-toutiao",
	"scene_code": "013013​",
	"scene_name": "推荐-feed 流小程序卡片​",
	"create_time": 1726803752000
}, {
	"platform": "mp-toutiao",
	"scene_code": "014001​",
	"scene_name": "微信对话​",
	"create_time": 1726803752000
}, {
	"platform": "mp-toutiao",
	"scene_code": "014002​",
	"scene_name": "微信朋友圈​",
	"create_time": 1726803752000
}, {
	"platform": "mp-toutiao",
	"scene_code": "014003​",
	"scene_name": "QQ 对话​",
	"create_time": 1726803752000
}, {
	"platform": "mp-toutiao",
	"scene_code": "014004​",
	"scene_name": "Qzone​",
	"create_time": 1726803752000
}, {
	"platform": "mp-toutiao",
	"scene_code": "014005​",
	"scene_name": "钉钉​",
	"create_time": 1726803752000
}, {
	"platform": "mp-toutiao",
	"scene_code": "014006​",
	"scene_name": "系统分享​",
	"create_time": 1726803752000
}, {
	"platform": "mp-toutiao",
	"scene_code": "014007​",
	"scene_name": "复制链接​",
	"create_time": 1726803752000
}, {
	"platform": "mp-toutiao",
	"scene_code": "014009​",
	"scene_name": "口令分享​",
	"create_time": 1726803752000
}, {
	"platform": "mp-toutiao",
	"scene_code": "015001​",
	"scene_name": "本地频道-频道顶部 widget​",
	"create_time": 1726803752000
}, {
	"platform": "mp-toutiao",
	"scene_code": "015002​",
	"scene_name": "钱包入口​",
	"create_time": 1726803752000
}, {
	"platform": "mp-toutiao",
	"scene_code": "016001​",
	"scene_name": "小程序广告入口​",
	"create_time": 1726803752000
}, {
	"platform": "mp-toutiao",
	"scene_code": "017001​",
	"scene_name": "app 的推送​",
	"create_time": 1726803752000
}, {
	"platform": "mp-toutiao",
	"scene_code": "017002​",
	"scene_name": "系统消息通知​",
	"create_time": 1726803752000
}, {
	"platform": "mp-toutiao",
	"scene_code": "017003​",
	"scene_name": "客服能力；开发者与用户沟通​",
	"create_time": 1726803752000
}, {
	"platform": "mp-toutiao",
	"scene_code": "017004​",
	"scene_name": "短信链接跳转小程序​",
	"create_time": 1726803752000
}, {
	"platform": "mp-toutiao",
	"scene_code": "场景值​",
	"scene_name": "入口概述​",
	"create_time": 1726803752000
}, {
	"platform": "mp-toutiao",
	"scene_code": "021001​",
	"scene_name": "我的-小程序​",
	"create_time": 1726803752000
}, {
	"platform": "mp-toutiao",
	"scene_code": "021002​",
	"scene_name": "全局扫一扫​",
	"create_time": 1726803752000
}, {
	"platform": "mp-toutiao",
	"scene_code": "021003​",
	"scene_name": "我的-收藏 tab 入口​",
	"create_time": 1726803752000
}, {
	"platform": "mp-toutiao",
	"scene_code": "021008​",
	"scene_name": "业务固定入口​",
	"create_time": 1726803752000
}, {
	"platform": "mp-toutiao",
	"scene_code": "021009​",
	"scene_name": "小程序跳小程序​",
	"create_time": 1726803752000
}, {
	"platform": "mp-toutiao",
	"scene_code": "021010​",
	"scene_name": "小程序返回小程序​",
	"create_time": 1726803752000
}, {
	"platform": "mp-toutiao",
	"scene_code": "021013​",
	"scene_name": "订单综合入口​",
	"create_time": 1726803752000
}, {
	"platform": "mp-toutiao",
	"scene_code": "021014​",
	"scene_name": "发布页锚点入口​",
	"create_time": 1726803752000
}, {
	"platform": "mp-toutiao",
	"scene_code": "021017​",
	"scene_name": "发布页入口​",
	"create_time": 1726803752000
}, {
	"platform": "mp-toutiao",
	"scene_code": "021018​",
	"scene_name": "发布页添加团购组件入口​",
	"create_time": 1726803752000
}, {
	"platform": "mp-toutiao",
	"scene_code": "021020​",
	"scene_name": "小程序桌面快捷方式​",
	"create_time": 1726803752000
}, {
	"platform": "mp-toutiao",
	"scene_code": "021025​",
	"scene_name": "优惠券入口​",
	"create_time": 1726803752000
}, {
	"platform": "mp-toutiao",
	"scene_code": "021027​",
	"scene_name": "钱包其他服务入口​",
	"create_time": 1726803752000
}, {
	"platform": "mp-toutiao",
	"scene_code": "021028​",
	"scene_name": "钱包银行卡管理入口​",
	"create_time": 1726803752000
}, {
	"platform": "mp-toutiao",
	"scene_code": "021031​",
	"scene_name": "福利中心​",
	"create_time": 1726803752000
}, {
	"platform": "mp-toutiao",
	"scene_code": "021036​",
	"scene_name": "个人页搜索小程序入口​",
	"create_time": 1726803752000
}, {
	"platform": "mp-toutiao",
	"scene_code": "021037​",
	"scene_name": "电影宣发工具​",
	"create_time": 1726803752000
}, {
	"platform": "mp-toutiao",
	"scene_code": "021039​",
	"scene_name": "钱包福利专区入口​",
	"create_time": 1726803752000
}, {
	"platform": "mp-toutiao",
	"scene_code": "022001​",
	"scene_name": "综合搜索-小程序入口​",
	"create_time": 1726803752000
}, {
	"platform": "mp-toutiao",
	"scene_code": "022002​",
	"scene_name": "搜索阿拉丁​",
	"create_time": 1726803752000
}, {
	"platform": "mp-toutiao",
	"scene_code": "023001​",
	"scene_name": "视频详情页​",
	"create_time": 1726803752000
}, {
	"platform": "mp-toutiao",
	"scene_code": "023002​",
	"scene_name": "视频详情页评论区​",
	"create_time": 1726803752000
}, {
	"platform": "mp-toutiao",
	"scene_code": "023003​",
	"scene_name": "企业号主页​",
	"create_time": 1726803752000
}, {
	"platform": "mp-toutiao",
	"scene_code": "023004​",
	"scene_name": "垂直话题入口​",
	"create_time": 1726803752000
}, {
	"platform": "mp-toutiao",
	"scene_code": "023005​",
	"scene_name": "POI 详情页入口​",
	"create_time": 1726803752000
}, {
	"platform": "mp-toutiao",
	"scene_code": "023006​",
	"scene_name": "影视锚点详情页入口​",
	"create_time": 1726803752000
}, {
	"platform": "mp-toutiao",
	"scene_code": "023009​",
	"scene_name": "直播间主播侧​",
	"create_time": 1726803752000
}, {
	"platform": "mp-toutiao",
	"scene_code": "023010​",
	"scene_name": "直播间用户侧​",
	"create_time": 1726803752000
}, {
	"platform": "mp-toutiao",
	"scene_code": "023011​",
	"scene_name": "直播间用户侧活动 banner 入口​",
	"create_time": 1726803752000
}, {
	"platform": "mp-toutiao",
	"scene_code": "023012​",
	"scene_name": "直播间用户侧底部互动玩法入口​",
	"create_time": 1726803752000
}, {
	"platform": "mp-toutiao",
	"scene_code": "023014​",
	"scene_name": "视频小说​",
	"create_time": 1726803752000
}, {
	"platform": "mp-toutiao",
	"scene_code": "023015​",
	"scene_name": "视频文章​",
	"create_time": 1726803752000
}, {
	"platform": "mp-toutiao",
	"scene_code": "023016​",
	"scene_name": "视频小程序卡片​",
	"create_time": 1726803752000
}, {
	"platform": "mp-toutiao",
	"scene_code": "023020​",
	"scene_name": "POI 六分屏​",
	"create_time": 1726803752000
}, {
	"platform": "mp-toutiao",
	"scene_code": "023028​",
	"scene_name": "城市POI入口​",
	"create_time": 1726803752000
}, {
	"platform": "mp-toutiao",
	"scene_code": "023029​",
	"scene_name": "同城地图​",
	"create_time": 1726803752000
}, {
	"platform": "mp-toutiao",
	"scene_code": "023030​",
	"scene_name": "关注页挂件​",
	"create_time": 1726803752000
}, {
	"platform": "mp-toutiao",
	"scene_code": "023040​",
	"scene_name": "小程序异形卡​",
	"create_time": 1726803752000
}, {
	"platform": "mp-toutiao",
	"scene_code": "024001​",
	"scene_name": "私信​",
	"create_time": 1726803752000
}, {
	"platform": "mp-toutiao",
	"scene_code": "024002​",
	"scene_name": "微信对话​",
	"create_time": 1726803752000
}, {
	"platform": "mp-toutiao",
	"scene_code": "024003​",
	"scene_name": "微信朋友圈​",
	"create_time": 1726803752000
}, {
	"platform": "mp-toutiao",
	"scene_code": "024004​",
	"scene_name": "QQ 对话​",
	"create_time": 1726803752000
}, {
	"platform": "mp-toutiao",
	"scene_code": "024005​",
	"scene_name": "Qzone​",
	"create_time": 1726803752000
}, {
	"platform": "mp-toutiao",
	"scene_code": "024007​",
	"scene_name": "分享回流​",
	"create_time": 1726803752000
}, {
	"platform": "mp-toutiao",
	"scene_code": "024008​",
	"scene_name": "口令分享​",
	"create_time": 1726803752000
}, {
	"platform": "mp-toutiao",
	"scene_code": "025001​",
	"scene_name": "广告​",
	"create_time": 1726803752000
}, {
	"platform": "mp-toutiao",
	"scene_code": "026001​",
	"scene_name": "banner​",
	"create_time": 1726803752000
}, {
	"platform": "mp-toutiao",
	"scene_code": "026002​",
	"scene_name": "话题​",
	"create_time": 1726803752000
}, {
	"platform": "mp-toutiao",
	"scene_code": "026003​",
	"scene_name": "push​",
	"create_time": 1726803752000
}, {
	"platform": "mp-toutiao",
	"scene_code": "026004​",
	"scene_name": "notice，消息通知​",
	"create_time": 1726803752000
}, {
	"platform": "mp-toutiao",
	"scene_code": "026006​",
	"scene_name": "企业号​",
	"create_time": 1726803752000
}, {
	"platform": "mp-toutiao",
	"scene_code": "026007​",
	"scene_name": "我的 banner 入口​",
	"create_time": 1726803752000
}, {
	"platform": "mp-toutiao",
	"scene_code": "026018​",
	"scene_name": "系统通知​",
	"create_time": 1726803752000
}, {
	"platform": "mp-toutiao",
	"scene_code": "027001​",
	"scene_name": "种草页​",
	"create_time": 1726803752000
}, {
	"platform": "mp-toutiao",
	"scene_code": "027002​",
	"scene_name": "橱窗入口​",
	"create_time": 1726803752000
}, {
	"platform": "mp-toutiao",
	"scene_code": "027003​",
	"scene_name": "商品卡入口​",
	"create_time": 1726803752000
}, {
	"platform": "mp-toutiao",
	"scene_code": "027004​",
	"scene_name": "直播间购物车商品​",
	"create_time": 1726803752000
}, {
	"platform": "mp-toutiao",
	"scene_code": "027005​",
	"scene_name": "直播间购物车卡片​",
	"create_time": 1726803752000
}, {
	"platform": "mp-toutiao",
	"scene_code": "027006​",
	"scene_name": "订单详情页​",
	"create_time": 1726803752000
}, {
	"platform": "mp-toutiao",
	"scene_code": "027007​",
	"scene_name": "抖音商城​",
	"create_time": 1726803752000
}, {
	"platform": "mp-toutiao",
	"scene_code": "027008​",
	"scene_name": "售后页入口​",
	"create_time": 1726803752000
}, {
	"platform": "mp-toutiao",
	"scene_code": "061001​",
	"scene_name": "搜索页固定入口-上方最近使用​",
	"create_time": 1726803752000
}, {
	"platform": "mp-toutiao",
	"scene_code": "061002​",
	"scene_name": "搜索页固定入口-上方推荐​",
	"create_time": 1726803752000
}, {
	"platform": "mp-toutiao",
	"scene_code": "061003​",
	"scene_name": "搜索页固定入口-下方推荐​",
	"create_time": 1726803752000
}, {
	"platform": "mp-toutiao",
	"scene_code": "061004​",
	"scene_name": "我的-小程序列表最近使用​",
	"create_time": 1726803752000
}, {
	"platform": "mp-toutiao",
	"scene_code": "061008​",
	"scene_name": "业务固定入口​",
	"create_time": 1726803752000
}, {
	"platform": "mp-toutiao",
	"scene_code": "061009​",
	"scene_name": "小程序跳小程序​",
	"create_time": 1726803752000
}, {
	"platform": "mp-toutiao",
	"scene_code": "061010​",
	"scene_name": "小程序返回小程序​",
	"create_time": 1726803752000
}, {
	"platform": "mp-toutiao",
	"scene_code": "061020​",
	"scene_name": "小程序桌面快捷方式​",
	"create_time": 1726803752000
}, {
	"platform": "mp-toutiao",
	"scene_code": "061021​",
	"scene_name": "我的-订单入口​",
	"create_time": 1726803752000
}, {
	"platform": "mp-toutiao",
	"scene_code": "062001​",
	"scene_name": "自然搜索结果，直接搜索名字出来的结果​",
	"create_time": 1726803752000
}, {
	"platform": "mp-toutiao",
	"scene_code": "062002​",
	"scene_name": "小程序列表搜索结果 -&gt; 小程序盒子搜索结果​",
	"create_time": 1726803752000
}, {
	"platform": "mp-toutiao",
	"scene_code": "062003​",
	"scene_name": "搜索阿拉丁​",
	"create_time": 1726803752000
}, {
	"platform": "mp-toutiao",
	"scene_code": "062004​",
	"scene_name": "站外搜索跳小程序​",
	"create_time": 1726803752000
}, {
	"platform": "mp-toutiao",
	"scene_code": "063012​",
	"scene_name": "生活频道-小程序卡片​",
	"create_time": 1726803752000
}, {
	"platform": "mp-toutiao",
	"scene_code": "063013​",
	"scene_name": "feed 流小程序卡片​",
	"create_time": 1726803752000
}, {
	"platform": "mp-toutiao",
	"scene_code": "065001​",
	"scene_name": "频道顶部 widget​",
	"create_time": 1726803752000
}, {
	"platform": "mp-toutiao",
	"scene_code": "065002​",
	"scene_name": "钱包入口​",
	"create_time": 1726803752000
}, {
	"platform": "mp-toutiao",
	"scene_code": "065003​",
	"scene_name": "任务页-banner​",
	"create_time": 1726803752000
}, {
	"platform": "mp-toutiao",
	"scene_code": "067001​",
	"scene_name": "​",
	"create_time": 1726803752000
}, {
	"platform": "mp-toutiao",
	"scene_code": "101001​",
	"scene_name": "设置页面入口​",
	"create_time": 1726803752000
}, {
	"platform": "mp-toutiao",
	"scene_code": "101002​",
	"scene_name": "扫一扫入口​",
	"create_time": 1726803752000
}, {
	"platform": "mp-toutiao",
	"scene_code": "101008​",
	"scene_name": "售后页入口​",
	"create_time": 1726803752000
}, {
	"platform": "mp-toutiao",
	"scene_code": "101009​",
	"scene_name": "小程序互跳​",
	"create_time": 1726803752000
}, {
	"platform": "mp-toutiao",
	"scene_code": "101010​",
	"scene_name": "返回小程序​",
	"create_time": 1726803752000
}, {
	"platform": "mp-toutiao",
	"scene_code": "101020​",
	"scene_name": "桌面图标​",
	"create_time": 1726803752000
}, {
	"platform": "mp-toutiao",
	"scene_code": "102005​",
	"scene_name": "综合搜索​",
	"create_time": 1726803752000
}, {
	"platform": "mp-toutiao",
	"scene_code": "103001​",
	"scene_name": "搜索视频-小程序锚点入口​",
	"create_time": 1726803752000
}, {
	"platform": "mp-toutiao",
	"scene_code": "103021​",
	"scene_name": "同城顶部推荐入口​",
	"create_time": 1726803752000
}, {
	"platform": "mp-toutiao",
	"scene_code": "103025​",
	"scene_name": "百科六分屏​",
	"create_time": 1726803752000
}, {
	"platform": "mp-toutiao",
	"scene_code": "104001​",
	"scene_name": "微信分享​",
	"create_time": 1726803752000
}, {
	"platform": "mp-toutiao",
	"scene_code": "104007​",
	"scene_name": "分享回流​",
	"create_time": 1726803752000
}, {
	"platform": "mp-toutiao",
	"scene_code": "105001​",
	"scene_name": "激励广告​",
	"create_time": 1726803752000
}, {
	"platform": "mp-toutiao",
	"scene_code": "108013​",
	"scene_name": "订单综合入口​",
	"create_time": 1726803752000
}, {
	"platform": "mp-toutiao",
	"scene_code": "108014​",
	"scene_name": "发布页锚点入口​",
	"create_time": 1726803752000
}, {
	"platform": "mp-kuaishou",
	"scene_code": "011001",
	"scene_name": "私信分享",
	"create_time": 1726803752000
}, {
	"platform": "mp-kuaishou",
	"scene_code": "011002",
	"scene_name": "小程序中心-最近使用",
	"create_time": 1726803752000
}, {
	"platform": "mp-kuaishou",
	"scene_code": "011003",
	"scene_name": "小程序中心-常用小程序",
	"create_time": 1726803752000
}, {
	"platform": "mp-kuaishou",
	"scene_code": "011004",
	"scene_name": "搜索入口",
	"create_time": 1726803752000
}, {
	"platform": "mp-kuaishou",
	"scene_code": "011005",
	"scene_name": "扫一扫，可在开发者平台-设置  (opens new window)中获取小程序码",
	"create_time": 1726803752000
}, {
	"platform": "mp-kuaishou",
	"scene_code": "011006",
	"scene_name": "同城页信息流",
	"create_time": 1726803752000
}, {
	"platform": "mp-kuaishou",
	"scene_code": "011007",
	"scene_name": "发现页信息流",
	"create_time": 1726803752000
}, {
	"platform": "mp-kuaishou",
	"scene_code": "011008",
	"scene_name": "栏目信息流",
	"create_time": 1726803752000
}, {
	"platform": "mp-kuaishou",
	"scene_code": "011009",
	"scene_name": "视频左下角导流入口（短视频挂载）",
	"create_time": 1726803752000
}, {
	"platform": "mp-kuaishou",
	"scene_code": "011010",
	"scene_name": "模版消息",
	"create_time": 1726803752000
}, {
	"platform": "mp-kuaishou",
	"scene_code": "011011",
	"scene_name": "浮窗",
	"create_time": 1726803752000
}, {
	"platform": "mp-kuaishou",
	"scene_code": "011012",
	"scene_name": "profile 页",
	"create_time": 1726803752000
}, {
	"platform": "mp-kuaishou",
	"scene_code": "011013",
	"scene_name": "其他",
	"create_time": 1726803752000
}, {
	"platform": "mp-kuaishou",
	"scene_code": "011014",
	"scene_name": "开发者扫码预览",
	"create_time": 1726803752000
}, {
	"platform": "mp-kuaishou",
	"scene_code": "011015",
	"scene_name": "栏目作品专区",
	"create_time": 1726803752000
}, {
	"platform": "mp-kuaishou",
	"scene_code": "011016",
	"scene_name": "小程序 1 跳转至小程序 2",
	"create_time": 1726803752000
}, {
	"platform": "mp-kuaishou",
	"scene_code": "011017",
	"scene_name": "小程序中心-运营推荐",
	"create_time": 1726803752000
}, {
	"platform": "mp-kuaishou",
	"scene_code": "011018",
	"scene_name": "小程序广告投放",
	"create_time": 1726803752000
}, {
	"platform": "mp-kuaishou",
	"scene_code": "011019",
	"scene_name": "小程序中心我的收藏（页面）",
	"create_time": 1726803752000
}, {
	"platform": "mp-kuaishou",
	"scene_code": "011020",
	"scene_name": "聚星推广小程序",
	"create_time": 1726803752000
}, {
	"platform": "mp-kuaishou",
	"scene_code": "011021",
	"scene_name": "桌面快捷方式",
	"create_time": 1726803752000
}, {
	"platform": "mp-kuaishou",
	"scene_code": "011022",
	"scene_name": "直播间小程序入口",
	"create_time": 1726803752000
}, {
	"platform": "mp-kuaishou",
	"scene_code": "011023",
	"scene_name": "侧边栏-稍后再看",
	"create_time": 1726803752000
}, {
	"platform": "mp-kuaishou",
	"scene_code": "011024",
	"scene_name": "POI详情页商品卡片",
	"create_time": 1726803752000
}, {
	"platform": "mp-kuaishou",
	"scene_code": "011025",
	"scene_name": "服务号页面",
	"create_time": 1726803752000
}, {
	"platform": "mp-kuaishou",
	"scene_code": "011026",
	"scene_name": "短信",
	"create_time": 1726803752000
}, {
	"platform": "mp-kuaishou",
	"scene_code": "011028",
	"scene_name": "直播间商品",
	"create_time": 1726803752000
}, {
	"platform": "mp-kuaishou",
	"scene_code": "011029",
	"scene_name": "放映厅",
	"create_time": 1726803752000
}, {
	"platform": "mp-kuaishou",
	"scene_code": "011030",
	"scene_name": "Push",
	"create_time": 1726803752000
}, {
	"platform": "mp-kuaishou",
	"scene_code": "011031",
	"scene_name": "订单通知",
	"create_time": 1726803752000
}, {
	"platform": "mp-kuaishou",
	"scene_code": "011032",
	"scene_name": "小程序中心-订单入口",
	"create_time": 1726803752000
}, {
	"platform": "mp-kuaishou",
	"scene_code": "011033",
	"scene_name": "运营活动",
	"create_time": 1726803752000
}, {
	"platform": "mp-kuaishou",
	"scene_code": "011034",
	"scene_name": "服务号",
	"create_time": 1726803752000
}, {
	"platform": "mp-kuaishou",
	"scene_code": "011035",
	"scene_name": "POI-附近团购",
	"create_time": 1726803752000
}, {
	"platform": "mp-kuaishou",
	"scene_code": "011037",
	"scene_name": "创作者中心",
	"create_time": 1726803752000
}, {
	"platform": "mp-kuaishou",
	"scene_code": "011039",
	"scene_name": "增长投放",
	"create_time": 1726803752000
}, {
	"platform": "mp-kuaishou",
	"scene_code": "011040",
	"scene_name": "发布短视频时，打开小程序添加PLC",
	"create_time": 1726803752000
}, {
	"platform": "mp-kuaishou",
	"scene_code": "011041",
	"scene_name": "直播开播前，打开小程序添加直播间入口",
	"create_time": 1726803752000
}, {
	"platform": "mp-kuaishou",
	"scene_code": "011042",
	"scene_name": "#话题标签页",
	"create_time": 1726803752000
}, {
	"platform": "mp-kuaishou",
	"scene_code": "011043",
	"scene_name": "电商直播间",
	"create_time": 1726803752000
}, {
	"platform": "mp-kuaishou",
	"scene_code": "021001",
	"scene_name": "私信分享",
	"create_time": 1726803752000
}, {
	"platform": "mp-kuaishou",
	"scene_code": "021002",
	"scene_name": "小程序中心-最近使用",
	"create_time": 1726803752000
}, {
	"platform": "mp-kuaishou",
	"scene_code": "021003",
	"scene_name": "小程序中心-我的收藏",
	"create_time": 1726803752000
}, {
	"platform": "mp-kuaishou",
	"scene_code": "021004",
	"scene_name": "搜索入口",
	"create_time": 1726803752000
}, {
	"platform": "mp-kuaishou",
	"scene_code": "021005",
	"scene_name": "扫一扫，可在开发者平台-设置  (opens new window)中获取小程序码",
	"create_time": 1726803752000
}, {
	"platform": "mp-kuaishou",
	"scene_code": "021006",
	"scene_name": "同城页信息流",
	"create_time": 1726803752000
}, {
	"platform": "mp-kuaishou",
	"scene_code": "021007",
	"scene_name": "发现页信息流",
	"create_time": 1726803752000
}, {
	"platform": "mp-kuaishou",
	"scene_code": "021009",
	"scene_name": "视频左下角导流入口（短视频挂载）",
	"create_time": 1726803752000
}, {
	"platform": "mp-kuaishou",
	"scene_code": "021010",
	"scene_name": "模版消息",
	"create_time": 1726803752000
}, {
	"platform": "mp-kuaishou",
	"scene_code": "021011",
	"scene_name": "浮窗",
	"create_time": 1726803752000
}, {
	"platform": "mp-kuaishou",
	"scene_code": "021012",
	"scene_name": "profile 页",
	"create_time": 1726803752000
}, {
	"platform": "mp-kuaishou",
	"scene_code": "021013",
	"scene_name": "其他",
	"create_time": 1726803752000
}, {
	"platform": "mp-kuaishou",
	"scene_code": "021014",
	"scene_name": "开发者扫码预览",
	"create_time": 1726803752000
}, {
	"platform": "mp-kuaishou",
	"scene_code": "021016",
	"scene_name": "小程序 1 跳转至小程序 2",
	"create_time": 1726803752000
}, {
	"platform": "mp-kuaishou",
	"scene_code": "021017",
	"scene_name": "小程序中心-运营推荐",
	"create_time": 1726803752000
}, {
	"platform": "mp-kuaishou",
	"scene_code": "021018",
	"scene_name": "小程序广告投放",
	"create_time": 1726803752000
}, {
	"platform": "mp-kuaishou",
	"scene_code": "021019",
	"scene_name": "小程序中心我的收藏（页面）",
	"create_time": 1726803752000
}, {
	"platform": "mp-kuaishou",
	"scene_code": "021020",
	"scene_name": "聚星推广小程序",
	"create_time": 1726803752000
}, {
	"platform": "mp-kuaishou",
	"scene_code": "021021",
	"scene_name": "桌面快捷方式",
	"create_time": 1726803752000
}, {
	"platform": "mp-kuaishou",
	"scene_code": "021022",
	"scene_name": "直播间小程序入口",
	"create_time": 1726803752000
}, {
	"platform": "mp-kuaishou",
	"scene_code": "021023",
	"scene_name": "侧边栏-稍后再看",
	"create_time": 1726803752000
}, {
	"platform": "mp-kuaishou",
	"scene_code": "021024",
	"scene_name": "POI详情页商品卡片",
	"create_time": 1726803752000
}, {
	"platform": "mp-kuaishou",
	"scene_code": "021025",
	"scene_name": "服务号页面",
	"create_time": 1726803752000
}, {
	"platform": "mp-kuaishou",
	"scene_code": "021026",
	"scene_name": "短信",
	"create_time": 1726803752000
}, {
	"platform": "mp-kuaishou",
	"scene_code": "021028",
	"scene_name": "直播间商品",
	"create_time": 1726803752000
}, {
	"platform": "mp-kuaishou",
	"scene_code": "021029",
	"scene_name": "放映厅",
	"create_time": 1726803752000
}, {
	"platform": "mp-kuaishou",
	"scene_code": "021030",
	"scene_name": "Push",
	"create_time": 1726803752000
}, {
	"platform": "mp-kuaishou",
	"scene_code": "021031",
	"scene_name": "订单通知",
	"create_time": 1726803752000
}, {
	"platform": "mp-kuaishou",
	"scene_code": "021032",
	"scene_name": "小程序中心-订单入口",
	"create_time": 1726803752000
}, {
	"platform": "mp-kuaishou",
	"scene_code": "021033",
	"scene_name": "运营活动",
	"create_time": 1726803752000
}, {
	"platform": "mp-kuaishou",
	"scene_code": "021034",
	"scene_name": "服务号",
	"create_time": 1726803752000
}, {
	"platform": "mp-kuaishou",
	"scene_code": "021035",
	"scene_name": "POI-附近团购",
	"create_time": 1726803752000
}, {
	"platform": "mp-kuaishou",
	"scene_code": "021036",
	"scene_name": "极速版金币活动固定资源位",
	"create_time": 1726803752000
}, {
	"platform": "mp-kuaishou",
	"scene_code": "021037",
	"scene_name": "创作者中心",
	"create_time": 1726803752000
}, {
	"platform": "mp-kuaishou",
	"scene_code": "021039",
	"scene_name": "增长投放",
	"create_time": 1726803752000
}, {
	"platform": "mp-kuaishou",
	"scene_code": "021040",
	"scene_name": "发布短视频时，打开小程序添加PLC",
	"create_time": 1726803752000
}, {
	"platform": "mp-kuaishou",
	"scene_code": "021041",
	"scene_name": "直播开播前，打开小程序添加直播间入口",
	"create_time": 1726803752000
}, {
	"platform": "mp-kuaishou",
	"scene_code": "021042",
	"scene_name": "#话题标签页",
	"create_time": 1726803752000
}, {
	"platform": "mp-kuaishou",
	"scene_code": "021043",
	"scene_name": "电商直播间",
	"create_time": 1726803752000
}, {
	"platform": "mp-lark",
	"scene_code": "1000",
	"scene_name": "尚未进行定义的场景",
	"create_time": 1726803752000
}, {
	"platform": "mp-lark",
	"scene_code": "1001",
	"scene_name": "从应用中心主入口（应用中心首页和应用分类列表）打开",
	"create_time": 1726803752000
}, {
	"platform": "mp-lark",
	"scene_code": "1002",
	"scene_name": "从会话列表的列表项打开",
	"create_time": 1726803752000
}, {
	"platform": "mp-lark",
	"scene_code": "1005",
	"scene_name": "从全局搜索里搜出的结果卡片打开",
	"create_time": 1726803752000
}, {
	"platform": "mp-lark",
	"scene_code": "1007",
	"scene_name": "从单人聊天会话中小程序消息卡片打开",
	"create_time": 1726803752000
}, {
	"platform": "mp-lark",
	"scene_code": "1008",
	"scene_name": "从多人聊天会话中小程序消息卡片打开",
	"create_time": 1726803752000
}, {
	"platform": "mp-lark",
	"scene_code": "1009",
	"scene_name": "从单人聊天会话里消息中链接或者按钮打开",
	"create_time": 1726803752000
}, {
	"platform": "mp-lark",
	"scene_code": "1010",
	"scene_name": "从多人聊天会话里消息中链接或者按钮打开",
	"create_time": 1726803752000
}, {
	"platform": "mp-lark",
	"scene_code": "1011",
	"scene_name": "通过扫描二维码打开",
	"create_time": 1726803752000
}, {
	"platform": "mp-lark",
	"scene_code": "1012",
	"scene_name": "长按图片识别二维码",
	"create_time": 1726803752000
}, {
	"platform": "mp-lark",
	"scene_code": "1013",
	"scene_name": "扫描手机相册中选取的二维码",
	"create_time": 1726803752000
}, {
	"platform": "mp-lark",
	"scene_code": "1024",
	"scene_name": "从应用（小程序、机器人）profile 页打开",
	"create_time": 1726803752000
}, {
	"platform": "mp-lark",
	"scene_code": "1037",
	"scene_name": "从一个小程序打开另一个小程序",
	"create_time": 1726803752000
}, {
	"platform": "mp-lark",
	"scene_code": "1038",
	"scene_name": "从另一个小程序返回",
	"create_time": 1726803752000
}, {
	"platform": "mp-lark",
	"scene_code": "1069",
	"scene_name": "通过第三方应用打开小程序",
	"create_time": 1726803752000
}, {
	"platform": "mp-lark",
	"scene_code": "1502",
	"scene_name": "pc小程序的window模式中打开另一个小程序",
	"create_time": 1726803752000
}, {
	"platform": "mp-lark",
	"scene_code": "1503",
	"scene_name": "pc小程序的sidebar模式中打开另一个小程序",
	"create_time": 1726803752000
}, {
	"platform": "mp-lark",
	"scene_code": "1504",
	"scene_name": "通过IM的工具栏入口打开小程序",
	"create_time": 1726803752000
}, {
	"platform": "mp-lark",
	"scene_code": "1505",
	"scene_name": "在Mail打开小程序",
	"create_time": 1726803752000
}, {
	"platform": "mp-lark",
	"scene_code": "1506",
	"scene_name": "通过客户端的主导航入口打开小程序。注意：请在 Page 的生命周期获取该Scene。",
	"create_time": 1726803752000
}, {
	"platform": "mp-lark",
	"scene_code": "1507",
	"scene_name": "通过客户端的快捷导航入口打开小程序。注意：请在 Page 的生命周期获取该Scene。",
	"create_time": 1726803752000
}, {
	"platform": "mp-lark",
	"scene_code": "1508",
	"scene_name": "在一个小程序的主导航模式中操作打开另一个小程序",
	"create_time": 1726803752000
}, {
	"platform": "mp-lark",
	"scene_code": "1509",
	"scene_name": "从单聊的加号菜单中打开小程序",
	"create_time": 1726803752000
}, {
	"platform": "mp-lark",
	"scene_code": "1510",
	"scene_name": "从群聊的加号菜单中打开小程序",
	"create_time": 1726803752000
}, {
	"platform": "mp-lark",
	"scene_code": "1511",
	"scene_name": "消息卡片末尾应用标识链接打开小程序",
	"create_time": 1726803752000
}, {
	"platform": "mp-lark",
	"scene_code": "1512",
	"scene_name": "从appCenter模式切换至window模式",
	"create_time": 1726803752000
}, {
	"platform": "mp-lark",
	"scene_code": "1513",
	"scene_name": "通过拦截web-url访问移动端小程序",
	"create_time": 1726803752000
}, {
	"platform": "mp-lark",
	"scene_code": "1514",
	"scene_name": "通过小组或小组详情页打开小程序",
	"create_time": 1726803752000
}, {
	"platform": "mp-lark",
	"scene_code": "1515",
	"scene_name": "移动端云空间打开小程序",
	"create_time": 1726803752000
}, {
	"platform": "mp-lark",
	"scene_code": "1516",
	"scene_name": "从消息快捷操作打开小程序",
	"create_time": 1726803752000
}, {
	"platform": "mp-lark",
	"scene_code": "1517",
	"scene_name": "从桌面快捷方式打开小程序",
	"create_time": 1726803752000
}, {
	"platform": "mp-jd",
	"scene_code": "001",
	"scene_name": "首页焦点",
	"create_time": 1726803752000
}, {
	"platform": "mp-jd",
	"scene_code": "002",
	"scene_name": "开屏页CPD",
	"create_time": 1726803752000
}, {
	"platform": "mp-jd",
	"scene_code": "003",
	"scene_name": "首页推荐",
	"create_time": 1726803752000
}, {
	"platform": "mp-jd",
	"scene_code": "004",
	"scene_name": "搜索结果SKU",
	"create_time": 1726803752000
}, {
	"platform": "mp-jd",
	"scene_code": "005",
	"scene_name": "搜索结果顶部店铺",
	"create_time": 1726803752000
}, {
	"platform": "mp-jd",
	"scene_code": "006",
	"scene_name": "搜索结果腰部店铺",
	"create_time": 1726803752000
}, {
	"platform": "mp-jd",
	"scene_code": "007",
	"scene_name": "搜索直达CPD",
	"create_time": 1726803752000
}, {
	"platform": "mp-jd",
	"scene_code": "008",
	"scene_name": "搜索霸屏CPD",
	"create_time": 1726803752000
}, {
	"platform": "mp-jd",
	"scene_code": "009",
	"scene_name": "搜索浮层CPD",
	"create_time": 1726803752000
}, {
	"platform": "mp-jd",
	"scene_code": "010",
	"scene_name": "首页焦点1固定位",
	"create_time": 1726803752000
}, {
	"platform": "mp-jd",
	"scene_code": "011",
	"scene_name": "站内PUSH CPD",
	"create_time": 1726803752000
}, {
	"platform": "mp-jd",
	"scene_code": "051",
	"scene_name": "搜索金刚",
	"create_time": 1726803752000
}, {
	"platform": "mp-jd",
	"scene_code": "1001",
	"scene_name": "卡片",
	"create_time": 1726803752000
}, {
	"platform": "mp-jd",
	"scene_code": "1004",
	"scene_name": "中心化入口-搜索结果",
	"create_time": 1726803752000
}, {
	"platform": "mp-jd",
	"scene_code": "1005",
	"scene_name": "中心化入口-我的tab页-最近使用",
	"create_time": 1726803752000
}, {
	"platform": "mp-jd",
	"scene_code": "1006",
	"scene_name": "中心化入口-我的tab页-我的关注",
	"create_time": 1726803752000
}, {
	"platform": "mp-jd",
	"scene_code": "1007",
	"scene_name": "中心化入口-发现tab页-焦点图",
	"create_time": 1726803752000
}, {
	"platform": "mp-jd",
	"scene_code": "1012",
	"scene_name": "中心化入口-发现tab页-精选推荐",
	"create_time": 1726803752000
}, {
	"platform": "mp-jd",
	"scene_code": "1013",
	"scene_name": "开屏页",
	"create_time": 1726803752000
}, {
	"platform": "mp-jd",
	"scene_code": "1014",
	"scene_name": "下拉二楼",
	"create_time": 1726803752000
}, {
	"platform": "mp-jd",
	"scene_code": "1015",
	"scene_name": "搜索直达",
	"create_time": 1726803752000
}, {
	"platform": "mp-jd",
	"scene_code": "1016",
	"scene_name": "默认搜索词",
	"create_time": 1726803752000
}, {
	"platform": "mp-jd",
	"scene_code": "1017",
	"scene_name": "搜索结果",
	"create_time": 1726803752000
}, {
	"platform": "mp-jd",
	"scene_code": "1018",
	"scene_name": "商详页-为你推荐",
	"create_time": 1726803752000
}, {
	"platform": "mp-jd",
	"scene_code": "1019",
	"scene_name": "分类-图书文娱类目-热门推荐",
	"create_time": 1726803752000
}, {
	"platform": "mp-jd",
	"scene_code": "1020",
	"scene_name": "购物车",
	"create_time": 1726803752000
}, {
	"platform": "mp-jd",
	"scene_code": "1021",
	"scene_name": "订单列表页",
	"create_time": 1726803752000
}, {
	"platform": "mp-jd",
	"scene_code": "1022",
	"scene_name": "首页焦点",
	"create_time": 1726803752000
}, {
	"platform": "mp-jd",
	"scene_code": "1023",
	"scene_name": "店铺关注",
	"create_time": 1726803752000
}, {
	"platform": "mp-jd",
	"scene_code": "1024",
	"scene_name": "首页通栏",
	"create_time": 1726803752000
}, {
	"platform": "mp-jd",
	"scene_code": "applets_share_back",
	"scene_name": "分享中间页",
	"create_time": 1726803752000
}, {
	"platform": "mp-360",
	"scene_code": "1020",
	"scene_name": "浏览器侧边栏",
	"create_time": 1726803752000
}, {
	"platform": "mp-360",
	"scene_code": "1030",
	"scene_name": "桌面或消息推送",
	"create_time": 1726803752000
}, {
	"platform": "mp-360",
	"scene_code": "1053",
	"scene_name": "商业化推广",
	"create_time": 1726803752000
}, {
	"platform": "mp-360",
	"scene_code": "1054",
	"scene_name": "360搜索",
	"create_time": 1726803752000
}, {
	"platform": "mp-360",
	"scene_code": "1056",
	"scene_name": "浏览器信息流",
	"create_time": 1726803752000
}, {
	"platform": "mp-360",
	"scene_code": "1057",
	"scene_name": "小程序频道",
	"create_time": 1726803752000
}, {
	"platform": "mp-360",
	"scene_code": "1058",
	"scene_name": "搜索问答频道",
	"create_time": 1726803752000
}, {
	"platform": "mp-360",
	"scene_code": "1010",
	"scene_name": "小程序应用中心",
	"create_time": 1726803752000
}, {
	"platform": "mp-360",
	"scene_code": "1060",
	"scene_name": "浏览器欢迎页",
	"create_time": 1726803752000
}, {
	"platform": "mp-360",
	"scene_code": "1061",
	"scene_name": "小程序频道标题",
	"create_time": 1726803752000
}, {
	"platform": "mp-360",
	"scene_code": "1062",
	"scene_name": "展示广告",
	"create_time": 1726803752000
}, {
	"platform": "mp-360",
	"scene_code": "1063",
	"scene_name": "浏览器状态栏",
	"create_time": 1726803752000
}, {
	"platform": "mp-360",
	"scene_code": "1064",
	"scene_name": "搜索广告",
	"create_time": 1726803752000
}, {
	"platform": "mp-360",
	"scene_code": "1065",
	"scene_name": "新标签页内容",
	"create_time": 1726803752000
}, {
	"platform": "mp-360",
	"scene_code": "1066",
	"scene_name": "新标签页名站",
	"create_time": 1726803752000
}, {
	"platform": "mp-360",
	"scene_code": "1067",
	"scene_name": "浏览器搜索框",
	"create_time": 1726803752000
}, {
	"platform": "mp-360",
	"scene_code": "1069",
	"scene_name": "游戏频道",
	"create_time": 1726803752000
}, {
	"platform": "mp-360",
	"scene_code": "2010",
	"scene_name": "浏览器地址栏",
	"create_time": 1726803752000
}, {
	"platform": "mp-360",
	"scene_code": "1071",
	"scene_name": "浏览器推广位1",
	"create_time": 1726803752000
}, {
	"platform": "mp-360",
	"scene_code": "1072",
	"scene_name": "小程序分享",
	"create_time": 1726803752000
}, {
	"platform": "mp-360",
	"scene_code": "1074",
	"scene_name": "360小贝",
	"create_time": 1726803752000
}, {
	"platform": "mp-360",
	"scene_code": "1075",
	"scene_name": "360桌面助手",
	"create_time": 1726803752000
}, {
	"platform": "mp-360",
	"scene_code": "1076",
	"scene_name": "搜索咨询频道",
	"create_time": 1726803752000
}, {
	"platform": "mp-360",
	"scene_code": "1078",
	"scene_name": "锁屏画报",
	"create_time": 1726803752000
}, {
	"platform": "mp-360",
	"scene_code": "1079",
	"scene_name": "智能推荐",
	"create_time": 1726803752000
}, {
	"platform": "mp-360",
	"scene_code": "1081",
	"scene_name": "分享渠道",
	"create_time": 1726803752000
}, {
	"platform": "mp-360",
	"scene_code": "1082",
	"scene_name": "浏览器推广位3",
	"create_time": 1726803752000
}, {
	"platform": "mp-360",
	"scene_code": "1083",
	"scene_name": "浏览器推广位2",
	"create_time": 1726803752000
}, {
	"platform": "mp-360",
	"scene_code": "1090",
	"scene_name": "QQ分享",
	"create_time": 1726803752000
}, {
	"platform": "mp-360",
	"scene_code": "1091",
	"scene_name": "QQ空间分享",
	"create_time": 1726803752000
}, {
	"platform": "mp-360",
	"scene_code": "1092",
	"scene_name": "微信分享",
	"create_time": 1726803752000
}, {
	"platform": "mp-360",
	"scene_code": "1093",
	"scene_name": "口令分享",
	"create_time": 1726803752000
}]
