[
    {
        "name":"App-Android",
        "code":"android",
        "order":1,
        "enable":true,
        "create_time":163998979103
    },
    {
        "name":"App-iOS",
        "code":"ios",
        "order":2,
        "enable":true,
        "create_time":163998979103
    },
		{
		    "name":"App-Harmony",
		    "code":"harmony",
		    "order":3,
		    "enable":true,
		    "create_time":163998979103
		},
    {
        "name":"Web",
        "code":"web",
        "order":4,
        "enable":true,
        "create_time":163998979103
    },
    {
        "name":"微信小程序",
        "code":"mp-weixin",
        "order":5,
        "enable":true,
        "create_time":163998979103
    },
    {
        "name":"百度小程序",
        "code":"mp-baidu",
        "order":6,
        "enable":true,
        "create_time":163998979103
    },
    {
        "name":"支付宝小程序",
        "code":"mp-alipay",
        "order":7,
        "enable":true,
        "create_time":163998979103
    },
    {
        "name":"字节跳动小程序",
        "code":"mp-toutiao",
        "order":8,
        "enable":true,
        "create_time":163998979103
    },
    {
        "name":"qq小程序",
        "code":"mp-qq",
        "order":9,
        "enable":true,
        "create_time":163998979103
    },
    {
        "name":"快应用联盟",
        "code":"quickapp-webview-union",
        "order":10,
        "enable":true,
        "create_time":163998979103
    },
    {
        "name":"快应用华为",
        "code":"quickapp-webview-huawei",
        "order":11,
        "enable":true,
        "create_time":163998979103
    },
    {
        "name":"钉钉小程序",
        "code":"mp-dingtalk",
        "order":12,
        "enable":true,
        "create_time":163998979103
    },
    {
        "name":"快手小程序",
        "code":"mp-kuaishou",
        "order":13,
        "enable":true,
        "create_time":163998979103
    },
    {
        "name":"飞书小程序",
        "code":"mp-lark",
        "order":14,
        "enable":true,
        "create_time":163998979103
    },
    {
        "name":"京东小程序",
        "code":"mp-jd",
        "order":15,
        "enable":true,
        "create_time":163998979103
    },
		{
		    "name":"鸿蒙元服务",
		    "code":"mp-harmony",
		    "order":16,
		    "enable":true,
		    "create_time":163998979103
		}
]
