[
    {
        "IndexName": "create_time",
        "MgoKeySchema": {
            "MgoIndexKeys": [
                {
                    "Name": "create_time",
                    "Direction": "1",
										"Type": "long"
                }
            ],
            "MgoIsUnique": false
        }
    },
    {
        "IndexName": "appid",
        "MgoKeySchema": {
            "MgoIndexKeys": [
                {
                    "Name": "appid",
                    "Direction": "1"
                }
            ],
            "MgoIsUnique": false
        }
    },
    {
        "IndexName": "version",
        "MgoKeySchema": {
            "MgoIndexKeys": [
                {
                    "Name": "version",
                    "Direction": "1"
                }
            ],
            "MgoIsUnique": false
        }
    },
    {
        "IndexName": "platform",
        "MgoKeySchema": {
            "MgoIndexKeys": [
                {
                    "Name": "platform",
                    "Direction": "1"
                }
            ],
            "MgoIsUnique": false
        }
    },
    {
        "IndexName": "channel",
        "MgoKeySchema": {
            "MgoIndexKeys": [
                {
                    "Name": "channel",
                    "Direction": "1"
                }
            ],
            "MgoIsUnique": false
        }
    },
    {
        "IndexName": "page_id",
        "MgoKeySchema": {
            "MgoIndexKeys": [
                {
                    "Name": "page_id",
                    "Direction": "1"
                }
            ],
            "MgoIsUnique": false
        }
    },
    {
        "IndexName": "previous_page_id",
        "MgoKeySchema": {
            "MgoIndexKeys": [
                {
                    "Name": "previous_page_id",
                    "Direction": "1"
                }
            ],
            "MgoIsUnique": false
        }
    },
    {
        "IndexName": "previous_page_is_entry",
        "MgoKeySchema": {
            "MgoIndexKeys": [
                {
                    "Name": "previous_page_is_entry",
                    "Direction": "1",
										"Type": "int"
                }
            ],
            "MgoIsUnique": false
        }
    },
    {
        "IndexName": "uid",
        "MgoKeySchema": {
            "MgoIndexKeys": [
                {
                    "Name": "uid",
                    "Direction": "1"
                }
            ],
            "MgoIsUnique": false
        }
    },
    {
        "IndexName": "page_detail_id",
        "MgoKeySchema": {
            "MgoIndexKeys": [
                {
                    "Name": "page_detail_id",
                    "Direction": "1"
                }
            ],
            "MgoIsUnique": false
        }
    },
    {
        "IndexName": "previous_page_detail_id",
        "MgoKeySchema": {
            "MgoIndexKeys": [
                {
                    "Name": "previous_page_detail_id",
                    "Direction": "1"
                }
            ],
            "MgoIsUnique": false
        }
    },
		{
		    "IndexName": "previous_page_duration",
		    "MgoKeySchema": {
		        "MgoIndexKeys": [
		            {
		                "Name": "previous_page_duration",
		                "Direction": "1",
										"Type": "int"
		            }
		        ],
		        "MgoIsUnique": false
		    }
		}
]
