{
	"bsonType": "object",
	"required": [ // 写在这里的字段名表示字段值非空
		"bookName",
		"author",
		"publisher",
		"ISBN",
		"classify",
		"price",
		"restCount"
		],
	"permission": { // 表示允许对表执行的操作
		"read": true,
		"create": true,
		"update": true,
		"delete": true
	},
	"properties": {
		"_id": {
			"description": "ID，系统自动生成"
		},
		"bookName": { // 书名
			"bsonType": "string",
			"title": "书名",
			"errorMessage": "书名不能为空" // 不满足验证规则时的错误提示
		},
		"author": {
			"bsonType": "string",
			"title": "作者",
			"errorMessage": "作者不能为空"
		},
		"publisher": {
			"bsonType": "string",
			"title": "出版社",
			"errorMessage": "{title}不能为空"
		},
		"ISBN": {
			"bsonType": "string",
			"title": "ISBN",
			"errorMessage": "{title}不能为空"
		},
		"classify": {
			"bsonType": "string",
			"title": "分类",
			"enum": [ // 可以通过 uni-app 的单选按钮组件构建视图
				{"text":"儿童","value":"儿童"},
				{"text":"教辅","value":"教辅"},
				{"text":"文学社科","value":"文学社科"},
				{"text":"艺术","value":"艺术"},
				{"text":"经管励志","value":"经管励志"},
				{"text":"考试法律","value":"考试法律"},
				{"text":"科技生活","value":"文创"}
			]
		},
		"coverImage": {
			"bsonType": "file", // 构建视图时 uni-app 会自动匹配 file-upload 组件
			"title": "封面",
			"fileMediaType": "image",
			"fileExtName": "jpg,png"
		},
		"price": {
			"bsonType": "int",
			"title": "单价",
			"minimum": 0,
			"errorMessage": { // 多个验证规则时需要以 JSON 格式编写出错提示
				"required": "{title}不能为空",
				"minimum": "{title}不能小于 {minimum}"
			}
		},
		"cheapPrice": {
			"bsonType": "int",
			"title": "折扣价",
			"minimum": 0,
			"errorMessage":"{title}不能小于{minimum}"
		},
		"restCount": {
			"bsonType": "int",
			"title": "余量",
			"minimum": 0,
			"errorMessage": {
				"required": "{title}不能为空",
				"minimum": "{title}不能小于 {minimum}"
			}
		},
		"brief": {
			"bsonType": "string",
			"title": "简介",
			"maxLength": 1024,
			"errorMessage": "{title}不能大于{maxLength}字"
		}
	}
}